time,x_c,x_c_dot,theta,theta_dot,F_c,V
0.0,0.0,0.0,0.08499999999999999,0.0,0.0,0.0
0.001,1.0895096472015923e-07,0.00021789986222539522,0.0850027238379492,0.0054476880482198144,-1.2420292146847527e-05,0.0
0.002,4.357978946308677e-07,0.0004357942349680561,0.08501089545800887,0.010895621833989424,-2.48402713931792e-05,0.0
0.003,9.805422139409578e-07,0.000653696945567883,0.085024515278758,0.01634414704310265,-3.726072589736933e-05,0.0
0.004,1.7431991742015494e-06,0.0008716218215021554,0.08504358406447347,0.021793609388952747,-4.968244382562286e-05,0.0
0.005,2.1794757614387285e-06,9.536772691956302e-07,0.0850652868436816,0.021612250365598638,-5.435960434415092e-08,-7.0
0.006,1.7451510959564158e-06,-0.0008695807651535652,0.08508680916590015,0.021432693432682566,4.956610361375322e-05,-7.0
0.007,4.4035863671660907e-07,-0.0017399819906615851,0.08510815282730798,0.021254926786768543,9.917897346771035e-05,-7.0
0.008,-1.7347686398165977e-06,-0.002610250479360473,0.0851293196123396,0.02107893874251134,0.00014878427732354697,-7.0
0.009000000000000001,-4.7800982349029265e-06,-0.003480386706597498,0.08515031129380292,0.020904717731881916,0.0001983820422760574,-7.0
0.010000000000000002,-8.695498122783214e-06,-0.00435039114299276,0.08517112963299613,0.020732252303400617,0.00024797229515058735,-7.0
0.011000000000000003,-1.3480836745967666e-05,-0.005220264254470061,0.08519177637982392,0.020561531121378082,0.00029755506250479346,-7.0
0.012000000000000004,-1.9135983010554903e-05,-0.0060900065022874705,0.08521225327291287,0.020392542965163823,0.00034713037063038583,-7.0
0.013000000000000005,-2.5660806281581368e-05,-0.006959618343067568,0.08523256203972614,0.020225276728402443,0.0003966982455548514,-7.0
0.014000000000000005,-3.305517637840083e-05,-0.007829100228827397,0.08525270439667731,0.020059721418297403,0.0004462587130431616,-7.0
0.015000000000000006,-4.1318963570093676e-05,-0.0086984526070081,0.08527268204924371,0.01989586615488233,0.0004958117985994617,-7.0
0.016000000000000007,-5.045203857090572e-05,-0.009567675920504256,0.08529249669207878,0.019733700170299802,0.0005453575274687426,-7.0
0.017000000000000008,-6.045427253571624e-05,-0.010436770607692913,0.08531215000912387,0.019573212808087548,0.0005948959246384961,-7.0
0.01800000000000001,-7.132553705553471e-05,-0.011305737102462342,0.08533164367371927,0.019414393522472068,0.0006444270148403535,-7.0
0.01900000000000001,-8.306570415302642e-05,-0.012174575834240458,0.08535097934871455,0.019257231877669548,0.0006939508225517061,-7.0
0.02000000000000001,-9.567464627806609e-05,-0.013043287228022983,0.08537015868657818,0.019101717547194103,0.0007434673719973101,-7.0
0.02100000000000001,-0.00010915223630331966,-0.013911871704401288,0.08538918332950655,0.018947840313173252,0.0007929766871508735,-7.0
0.022000000000000013,-0.0001234983475198538,-0.01478032967958996,0.08540805490953218,0.01879559006567059,0.0008424787917366278,-7.0
0.023000000000000013,-0.0001387128536327728,-0.015648661565454077,0.08542677504863133,0.018644956802015653,0.0008919737092308825,-7.0
0.024000000000000014,-0.0001547956287568824,-0.01651686776953618,0.08544534535883096,0.018495930626140848,0.0009414614628635622,-7.0
0.025000000000000015,-0.0001717465474123809,-0.017384948695082978,0.08546376744231499,0.018348501747925506,0.0009909420756197297,-7.0
0.026000000000000016,-0.00018956548452057627,-0.018252904741071767,0.08548204289152991,0.01820266048254693,0.0010404155702410907,-7.0
0.027000000000000017,-0.00020825231539963005,-0.019120736302236558,0.08550017328928981,0.01805839724983844,0.0010898819692274839,-7.0
0.028000000000000018,-0.0002278069157603269,-0.019988443769093915,0.08551816020888062,0.017915702573654387,0.0011393412948383533,-7.0
0.02900000000000002,-0.00024822916170187,-0.02085602752796854,0.0855360052141639,0.017774567081242025,0.0011887935690942067,-7.0
0.03000000000000002,-0.00026951892970770183,-0.021723487961018563,0.08555370985967989,0.017634981502620294,0.0012382388137780582,-7.0
0.03100000000000002,-0.00029167609664135024,-0.02259082544626055,0.08557127569074999,0.017496936669965393,0.0012876770504368514,-7.0
0.03200000000000002,-0.000314700539742299,-0.023458040357594252,0.08558870424357859,0.01736042351700315,0.0013371083003828725,-7.0
0.03300000000000002,-0.00033859213662188365,-0.024325133064827077,0.08560599704535433,0.01722543307840813,0.0013865325846951434,-7.0
0.03400000000000002,-0.0003633507652592109,-0.025192103933698286,0.08562315561435076,0.017091956489209456,0.0014359499242208023,-7.0
0.035000000000000024,-0.0003889763039971028,-0.026058953325902915,0.08564018146002637,0.016959984984203282,0.0014853603395764661,-7.0
0.036000000000000025,-0.0004154686315380639,-0.026925681599115445,0.08565707608312412,0.0168295098973719,0.0015347638511495805,-7.0
0.037000000000000026,-0.00044282762694027305,-0.02779228910701319,0.08567384097577027,0.016700522661309437,0.0015841604790997519,-7.0
0.03800000000000003,-0.0004710531696135972,-0.028658776199299428,0.08569047762157278,0.016573014806654095,0.0016335502433600674,-7.0
0.03900000000000003,-0.0005001451393156293,-0.02952514322172627,0.085706987495719,0.016446977961526915,0.0016829331636383975,-7.0
0.04000000000000003,-0.000530103416147748,-0.030391390516117254,0.08572337206507295,0.01632240385097701,0.0017323092594186836,-7.0
0.04100000000000003,-0.0005609278805512009,-0.03125751842038969,0.0857396327882719,0.016199284296433244,0.0017816785499622126,-7.0
0.04200000000000003,-0.0005926184133032087,-0.032123527268576764,0.08575577111582253,0.016077611215162317,0.0018310410543088756,-7.0
0.04300000000000003,-0.0006251748955130923,-0.03298941739084933,0.08577178849019645,0.015957376619733205,0.001880396791278412,-7.0
0.04400000000000003,-0.0006585972086184217,-0.033855189113537514,0.08578768634592533,0.01583857261748796,0.0019297457794716383,-7.0
0.04500000000000003,-0.0006928852343811851,-0.03472084275915199,0.0858034661096953,0.01572119141001879,0.0019790880372716636,-7.0
0.046000000000000034,-0.0007280388548839806,-0.035586378646405084,0.08581912920044103,0.015605225292651405,0.00202842358284509,-7.0
0.047000000000000035,-0.0007640579525262282,-0.03645179709023155,0.08583467702943913,0.015490666653934613,0.0020777524341431984,-7.0
0.048000000000000036,-0.0008009424100204024,-0.03731709840180915,0.08585011100040119,0.01537750797513609,0.0021270746089031216,-7.0
0.04900000000000004,-0.0008386921103882854,-0.038182282888578944,0.08586543250956619,0.01526574182974433,0.0021763901246489997,-7.0
0.05000000000000004,-0.0008773069369572404,-0.03904735085426538,0.08588064294579253,0.015155360882976723,0.002225698998693127,-7.0
0.05100000000000004,-0.0009167867733565053,-0.039912302598896075,0.08589574369064949,0.015046357891293733,0.0022750012481370764,-7.0
0.05200000000000004,-0.0009571315035135049,-0.040777138418821406,0.08591073611850822,0.014938725701919156,0.0023242968898728204,-7.0
0.05300000000000004,-0.0009983410116501843,-0.04164185860673384,0.08592562159663228,0.014832457252366394,0.002373585940583829,-7.0
0.05400000000000004,-0.0010404151822793598,-0.04250646345168698,0.08594040148526769,0.014727545569970744,0.002422868416746158,-7.0
0.05500000000000004,-0.00108335390020109,-0.043370953239114454,0.08595507713773252,0.014623983771427674,0.002472144334629524,-7.0
0.05600000000000004,-0.001127157050499064,-0.04423532825084848,0.08596964990050605,0.014521765062337029,0.0025214137102983632,-7.0
0.057000000000000044,-0.0011718245185370119,-0.045099588765138234,0.0859841211133174,0.014420882736753153,0.0025706765596128795,-7.0
0.058000000000000045,-0.0012173561899551269,-0.04596373505666799,0.08599849210923377,0.014321330176740909,0.0026199328982300756,-7.0
0.059000000000000045,-0.001263751950666513,-0.046827767396574974,0.08601276421474831,0.014223100851937537,0.0026691827416047737,-7.0
0.060000000000000046,-0.0013110116868536444,-0.047691686052467056,0.08602693874986735,0.014126188319120363,0.0027184261049906224,-7.0
0.06100000000000005,-0.0013591352849648465,-0.04855549128844011,0.08604101702819741,0.014030586221780285,0.0027676630034410865,-7.0
0.06200000000000005,-0.0014081226317107908,-0.04941918336509526,0.0860550003570317,0.013936288289701036,0.0028168934518104298,-7.0
0.06300000000000004,-0.0014579736140610102,-0.05028276253955577,0.08606889003743617,0.013843288338544204,0.002866117464754679,-7.0
0.06400000000000004,-0.0015086881192404296,-0.05114622906548382,0.0860826873643352,0.013751580269439954,0.002915335056732578,-7.0
0.06500000000000004,-0.0015602660347259112,-0.052009583193096946,0.08609639362659686,0.013661158068583446,0.002964546242006526,-7.0
0.06600000000000004,-0.0016127072482428196,-0.05287282516918432,0.0861100101071178,0.01357201580683691,0.0030137510346435062,-7.0
0.06700000000000005,-0.0016660116477616015,-0.053735955237122775,0.0861235380829077,0.013484147639337364,0.0030629494485159984,-7.0
0.06800000000000005,-0.0017201791214943802,-0.05459897363689263,0.08613697882517331,0.013397547805109954,0.00311214149730288,-7.0
0.06900000000000005,-0.0017752095578915678,-0.055461880605093244,0.08615033359940226,0.013312210626686844,0.003161327194490315,-7.0
0.07000000000000005,-0.001831102845638492,-0.05632467637495838,0.08616360366544626,0.013228130509731713,0.003210506553372628,-7.0
0.07100000000000005,-0.0018878588736520375,-0.05718736117637134,0.08617679027760411,0.013145301942669753,0.0032596795870531666,-7.0
0.07200000000000005,-0.0019454775310773036,-0.058049935235879875,0.08618989468470425,0.013063719496323196,0.003308846308445153,-7.0
0.07300000000000005,-0.002003958707284275,-0.058912398776710846,0.08620291813018703,0.012983377823552324,0.0033580067302725184,-7.0
0.07400000000000005,-0.00206330229186451,-0.05977475201878472,0.08621586185218649,0.01290427165890195,0.003407160865070729,-7.0
0.07500000000000005,-0.0021235081746278383,-0.060636995178729794,0.08622872708361194,0.012826395818253322,0.0034563087251875983,-7.0
0.07600000000000005,-0.00218457624559908,-0.06149912846989624,0.08624151505222907,0.01274974519848147,0.0035054503227840857,-7.0
0.07700000000000005,-0.0022465063950147697,-0.062361152102369886,0.08625422698074083,0.012674314777117932,0.0035545856698350835,-7.0
0.07800000000000006,-0.002309298513319903,-0.06322306628298582,0.08626686408686784,0.012600099612018857,0.0036037147781301923,-7.0
0.07900000000000006,-0.0023729524911646903,-0.06408487121534179,0.08627942758342869,0.012527094841038469,0.003652837659274482,-7.0
0.08000000000000006,-0.002437468219401327,-0.06494656709981131,0.0862919186784196,0.012455295681707843,0.0037019543246892446,-7.0
0.08100000000000006,-0.0025028455890807742,-0.06580815413355665,0.08630433857509406,0.012384697430919014,0.003751064785612729,-7.0
0.08200000000000006,-0.002569084491449556,-0.06666963251054152,0.08631668847204205,0.012315295464614356,0.0038001690531008665,-7.0
0.08300000000000006,-0.0026361848179465653,-0.06753100242154364,0.08632896956326881,0.012247085237481239,0.0038492671380279874,-7.0
0.08400000000000006,-0.0027041464601998857,-0.06839226405416701,0.08634118303827358,0.01218006228265193,0.0038983590510875197,-7.0
0.08500000000000006,-0.0027729693100236224,-0.06925341759285403,0.08635333008212778,0.012114222211408725,0.00394744480279268,-7.0
0.08600000000000006,-0.0028426532594147476,-0.07011446321889735,0.0863654118755531,0.01204956071289429,0.003996524403477149,-7.0
0.08700000000000006,-0.0029131982005499556,-0.07097540111045156,0.0863774295949992,0.011986073553827196,0.004045597863295739,-7.0
0.08800000000000006,-0.0029846040257825316,-0.07183623144254467,0.08638938441272107,0.01192375657822262,0.004094665192225047,-7.0
0.08900000000000007,-0.0030568706276392302,-0.07269695438708933,0.08640127749685629,0.011862605707118199,0.004143726400064092,-7.0
0.09000000000000007,-0.003129997898817165,-0.07355757011289392,0.08641311001150188,0.011802616938305028,0.0041927814964349535,-7.0
0.09100000000000007,-0.003203985732180711,-0.07441807878567336,0.08642488311679092,0.011743786346063767,0.004241830490783381,-7.0
0.09200000000000007,-0.003278834020758415,-0.07527848056805977,0.08643659796896887,0.011686110080905854,0.004290873392379407,-7.0
0.09300000000000007,-0.00335454265773992,-0.0761387756196129,0.08644825572046974,0.011629584369319802,0.004339910210317935,-7.0
0.09400000000000007,-0.003431111536472896,-0.07699896409683031,0.08645985751999193,0.011574205513522558,0.004388940953519328,-7.0
0.09500000000000007,-0.0035085405504599845,-0.07785904615315746,0.08647140451257378,0.011519969891215918,0.0044379656307299755,-7.0
0.09600000000000007,-0.0035868295933557497,-0.07871902193899749,0.086482897839669,0.011466873955347975,0.004486984250522857,-7.0
0.09700000000000007,-0.0036659785589636413,-0.07957889160172082,0.08649433863922178,0.01141491423387959,0.004535996821298087,-7.0
0.09800000000000007,-0.0037459873412329686,-0.08043865528567462,0.08650572804574165,0.011364087329555858,0.0045850033512834535,-7.0
0.09900000000000007,-0.003826855834255879,-0.08129831313219195,0.08651706719037822,0.011314389919682585,0.004634003848534941,-7.0
0.10000000000000007,-0.00390858393226435,-0.08215786527960084,0.08652835720099555,0.011265818755907698,0.004682998320937248,-7.0
0.10100000000000008,-0.003991171529627188,-0.08301731186323306,0.08653959920224649,0.011218370664007668,0.0047319867762042845,-7.0
0.10200000000000008,-0.004074618520847039,-0.08387665301543275,0.0865507943156466,0.011172042543678843,0.004780969221879667,-7.0
0.10300000000000008,-0.004158924800557398,-0.08473588886556478,0.08656194365964803,0.011126831368333723,0.004829945665337193,-7.0
0.10400000000000008,-0.0042440902635196434,-0.08559501954002306,0.0865730483497131,0.011082734184902158,0.004878916113781315,-7.0
0.10500000000000008,-0.004330114804620063,-0.08645404516223848,0.08658410949838775,0.011039748113637456,0.004927880574247594,-7.0
0.10600000000000008,-0.004416998318866897,-0.08731296585268675,0.08659512821537475,0.01099787034792737,0.004976839053603145,-7.0
0.10700000000000008,-0.004504740701387389,-0.088171781728896,0.08660610560760676,0.010957098154109992,0.005025791558547072,-7.0
0.10800000000000008,-0.0045933418474248386,-0.08903049290545426,0.08661704277931917,0.010917428871294491,0.005074738095610893,-7.0
0.10900000000000008,-0.004682801652335665,-0.08988909949401662,0.08662794083212279,0.010878859911186728,0.005123678671158947,-7.0
0.11000000000000008,-0.004773120011586481,-0.0907476016033123,0.08663880086507636,0.010841388757919707,0.0051726132913888015,-7.0
0.11100000000000008,-0.00486429682075117,-0.09160599933915149,0.08664962397475891,0.01080501296788887,0.005221541962331635,-7.0
0.11200000000000009,-0.004956331975507964,-0.09246429280443198,0.08666041125534192,0.010769730169592219,0.005270464689852623,-7.0
0.11300000000000009,-0.005049225371636544,-0.09332248209914559,0.08667116379866135,0.010735538063475237,0.005319381479651299,-7.0
0.11400000000000009,-0.005142976905015129,-0.09418056732038446,0.08668188269428954,0.010702434421780635,0.005368292337261915,-7.0
0.11500000000000009,-0.005237586471617586,-0.09503854856234709,0.0866925690296069,0.010670417088402882,0.005417197268053784,-7.0
0.11600000000000009,-0.005333053967510533,-0.09589642591634419,0.08670322388987346,0.010639483978747529,0.005466096277231619,-7.0
0.11700000000000009,-0.005429379288850461,-0.09675419947080441,0.08671384835830043,0.010609633079595301,0.005514989369835852,-7.0
0.11800000000000009,-0.005526562331880846,-0.09761186931127977,0.08672444351612137,0.010580862448970968,0.0055638765507429475,-7.0
0.11900000000000009,-0.005624602992929284,-0.09846943552045095,0.08673501044266346,0.010553170216016965,0.005612757824665705,-7.0
0.12000000000000009,-0.005723501168404616,-0.09932689817813242,0.08674555021541855,0.01052655458087178,0.005661633196153548,-7.0
0.1210000000000001,-0.005823256754794068,-0.10018425736127733,0.08675606391011403,0.010501013814553069,0.0057105026695928075,-7.0
0.1220000000000001,-0.005923869648660389,-0.1010415131439822,0.08676655260078374,0.010476546258845521,0.005759366249206986,-7.0
0.1230000000000001,-0.006025339746638999,-0.10189866559749151,0.08677701735983863,0.010453150326193443,0.0058082239390570166,-7.0
0.1240000000000001,-0.006127666945435138,-0.10275571479020197,0.08678745925813737,0.010430824499598075,0.005857075743041513,-7.0
0.12500000000000008,-0.006230851141821018,-0.10361266078766668,0.08679787936505688,0.010409567332519623,0.005905921664897001,-7.0
0.12600000000000008,-0.006334892232632991,-0.1044695036525991,0.08680827874856274,0.010389377448784,0.005954761708198149,-7.0
0.12700000000000009,-0.006439790114768697,-0.10532624344487683,0.08681865847527949,0.010370253542494266,0.00600359587635798,-7.0
0.12800000000000009,-0.00654554468518424,-0.10618288022154512,0.08682901961056087,0.010352194377946777,0.006052424172628072,-7.0
0.1290000000000001,-0.006652155840891354,-0.10703941403682032,0.08683936321855999,0.010335198789552026,0.006101246600098758,-7.0
0.1300000000000001,-0.006759623478954578,-0.10789584494209303,0.0868496903622994,0.010319265681760168,0.006150063161699303,-7.0
0.1310000000000001,-0.006867947496488427,-0.10875217298593116,0.08686000210374108,0.010304394028991231,0.0061988738601980765,-7.0
0.1320000000000001,-0.006977127790654575,-0.10960839821408269,0.08687029950385639,0.010290582875570014,0.006247678698202714,-7.0
0.1330000000000001,-0.007087164258659038,-0.11046452066947833,0.08688058362269595,0.01027783133566566,0.006296477678160265,-7.0
0.1340000000000001,-0.00719805679774935,-0.11132054039223396,0.08689085551945944,0.010266138593235892,0.006345270802357336,-7.0
0.1350000000000001,-0.007309805305211758,-0.11217645741965289,0.08690111625256537,0.01025550390197593,0.006394058072920215,-7.0
0.1360000000000001,-0.007422409678368405,-0.11303227178622789,0.0869113668797208,0.010245926585272078,0.00644283949181499,-7.0
0.1370000000000001,-0.007535869814574525,-0.11388798352364314,0.086921608457991,0.010237406036159951,0.0064916150608476594,-7.0
0.1380000000000001,-0.007650185611215629,-0.11474359266077583,0.0869318420438691,0.010229941717287404,0.006540384781664223,-7.0
0.1390000000000001,-0.007765356965704704,-0.11559909922369772,0.08694206869334563,0.010223533160882082,0.006589148655750771,-7.0
0.1400000000000001,-0.007881383775479407,-0.11645450323567645,0.08695228946197817,0.010218179968723649,0.006637906684433558,-7.0
0.1410000000000001,-0.00799826593799926,-0.11730980471717663,0.08696250540496082,0.01021388181212067,0.006686658868879068,-7.0
0.1420000000000001,-0.008116003350742852,-0.1181650036858608,0.08697271757719377,0.010210638431892153,0.006735405210094066,-7.0
0.1430000000000001,-0.008234595911205029,-0.1190201001565902,0.08698292703335274,0.010208449638353734,0.006784145708925641,-7.0
0.1440000000000001,-0.008354043516894099,-0.11987509414142532,0.08699313482795853,0.010207315311308529,0.006832880366061243,-7.0
0.1450000000000001,-0.008474346065329033,-0.12072998564962624,0.0870033420154465,0.010207235400042635,0.006881609182028696,-7.0
0.1460000000000001,-0.008595503454036658,-0.12158477468765287,0.08701354965023603,0.010208209923325287,0.006930332157196214,-7.0
0.1470000000000001,-0.008717515580548865,-0.12243946125916493,0.08702375878679998,0.010210238969413674,0.006979049291772401,-7.0
0.1480000000000001,-0.0088403823423998,-0.12329404536502175,0.08703397047973427,0.010213322696062403,0.00702776058580624,-7.0
0.1490000000000001,-0.008964103637123074,-0.12414852700328192,0.08704418578382728,0.010217461330537626,0.00707646603918707,-7.0
0.1500000000000001,-0.00908867936224895,-0.1250029061692027,0.08705440575412944,0.010222655169635827,0.007125165651644554,-7.0
0.1510000000000001,-0.00921410941530155,-0.1258571828552393,0.08706463144602276,0.010228904579707267,0.007173859422748641,-7.0
0.1520000000000001,-0.009340393693796049,-0.12671135705104394,0.08707486391529039,0.010236209996684094,0.007222547351909505,-7.0
0.1530000000000001,-0.009467532095235874,-0.12756542874346466,0.08708510421818617,0.010244571926113123,0.007271229438377486,-7.0
0.1540000000000001,-0.009595524517109896,-0.12841939791654408,0.08709535341150439,0.010253990943193264,0.007319905681243013,-7.0
0.1550000000000001,-0.009724370856889625,-0.1292732645515179,0.0871056125526493,0.010264467692817655,0.0073685760794365215,-7.0
0.1560000000000001,-0.009854071012026403,-0.13012702862681316,0.08711588269970497,0.010276002889620437,0.0074172406317283505,-7.0
0.1570000000000001,-0.009984624879948594,-0.1309806901180464,0.08712616491150496,0.010288597318028229,0.007465899336728645,-7.0
0.1580000000000001,-0.010116032358058774,-0.13183424899802154,0.0871364602477022,0.010302251832316273,0.007514552192887228,-7.0
0.1590000000000001,-0.010248293343730912,-0.1326877052367277,0.08714676976883884,0.01031696735666928,0.00756319919849348,-7.0
0.16000000000000011,-0.010381407734307561,-0.13354105880133674,0.08715709453641618,0.010332744885246952,0.007611840351676194,-7.0
0.16100000000000012,-0.010515375427097035,-0.13439430965620053,0.08716743561296471,0.010349585482254205,0.007660475650403431,-7.0
0.16200000000000012,-0.010650196319370588,-0.13524745776284827,0.08717779406211416,0.010367490282016107,0.007709105092482352,-7.0
0.16300000000000012,-0.010785870308359593,-0.13610050307998336,0.08718817094866371,0.010386460489057508,0.0077577286755590525,-7.0
0.16400000000000012,-0.010922397291252708,-0.1369534455634803,0.0871985673386522,0.010406497378187385,0.007806346397118377,-7.0
0.16500000000000012,-0.011059777165193053,-0.13780628516638116,0.0872089842994284,0.010427602294587925,0.007854958254483726,-7.0
0.16600000000000012,-0.011198009827275372,-0.13865902183889217,0.08721942289972157,0.010449776653908307,0.007903564244816854,-7.0
0.16700000000000012,-0.011337095174543194,-0.1395116555283798,0.08722988420971181,0.010473021942363247,0.007952164365117649,-7.0
0.16800000000000012,-0.011477033103985996,-0.14036418617936686,0.08724036930110084,0.010497339716836257,0.00800075861222391,-7.0
0.16900000000000012,-0.011617823512536351,-0.14121661373352837,0.08725087924718258,0.010522731604987673,0.008049346982811118,-7.0
0.17000000000000012,-0.011759466297067084,-0.14206893812968713,0.08726141512291409,0.01054919930536743,0.008097929473392166,-7.0
0.17100000000000012,-0.011901961354388412,-0.1429211593038093,0.08727197800498646,0.010576744587532607,0.008146506080317131,-7.0
0.17200000000000013,-0.01204530858124509,-0.14377327718899957,0.08728256897189586,0.010605369292169743,0.008195076799772976,-7.0
0.17300000000000013,-0.012189507874313544,-0.14462529171549623,0.0872931891040148,0.01063507533122193,0.008243641627783285,-7.0
0.17400000000000013,-0.012334559130199005,-0.14547720281066617,0.08730383948366342,0.010665864688020714,0.008292200560207972,-7.0
0.17500000000000013,-0.01248046224543263,-0.14632901039899948,0.08731452119518092,0.010697739417422783,0.00834075359274297,-7.0
0.17600000000000013,-0.012627217116468628,-0.14718071440210392,0.08732523532499718,0.010730701645951473,0.008389300720919923,-7.0
0.17700000000000013,-0.012774823639681368,-0.14803231473869932,0.08733598296170451,0.01076475357194309,0.008437841940105861,-7.0
0.17800000000000013,-0.012923281711362498,-0.1488838113246116,0.08734676519612952,0.010799897465698075,0.008486377245502861,-7.0
0.17900000000000013,-0.013072591227718039,-0.14973520407276675,0.08735758312140517,0.010836135669637002,0.008534906632147704,-7.0
0.18000000000000013,-0.013222752084865485,-0.15058649289318451,0.08736843783304295,0.01087347059846144,0.008583430094911517,-7.0
0.18100000000000013,-0.013373764178830898,-0.15143767769297192,0.0873793304290053,0.010911904739319677,0.0086319476284994,-7.0
0.18200000000000013,-0.013525627405545982,-0.1522887583763166,0.08739026200977805,0.010951440651977317,0.008680459227450048,-7.0
0.18300000000000013,-0.01367834166084517,-0.15313973484448,0.08740123367844323,0.010992080968992783,0.008728964886135362,-7.0
0.18400000000000014,-0.01383190684046269,-0.15399060699579017,0.08741224654075186,0.011033828395897706,0.00877746459876004,-7.0
0.18500000000000014,-0.013986322840029628,-0.15484137472563458,0.08742330170519708,0.01107668571138224,0.008825958359361171,-7.0
0.18600000000000014,-0.014141589555070984,-0.1556920379264527,0.08743440028308735,0.011120655767485312,0.008874446161807804,-7.0
0.18700000000000014,-0.014297706881002719,-0.15654259648772825,0.08744554338861997,0.0111657414897898,0.00892292799980051,-7.0
0.18800000000000014,-0.0144546747131288,-0.1573930502959814,0.08745673213895462,0.011211945877622689,0.00897140386687094,-7.0
0.18900000000000014,-0.014612492946638224,-0.15824339923476075,0.08746796765428733,0.01125927200426018,0.009019873756381363,-7.0
0.19000000000000014,-0.014771161476602053,-0.15909364318463487,0.0874792510579244,0.011307723017137799,0.009068337661524187,-7.0
0.19100000000000014,-0.01493068019797042,-0.15994378202318413,0.08749058347635678,0.011357302138065494,0.009116795575321496,-7.0
0.19200000000000014,-0.01509104900556954,-0.16079381562499181,0.08750196603933451,0.011408012663447775,0.009165247490624534,-7.0
0.19300000000000014,-0.015252267794098714,-0.16164374386163535,0.0875133998799414,0.011459857964508855,0.009213693400113215,-7.0
0.19400000000000014,-0.01541433645812731,-0.16249356660167721,0.08752488613467001,0.011512841487522867,0.009262133296295601,-7.0
0.19500000000000015,-0.015577254892091746,-0.16334328371065568,0.08753642594349678,0.011566966754049134,0.009310567171507375,-7.0
0.19600000000000015,-0.015741022990292466,-0.1641928950510753,0.08754802044995746,0.011622237361172513,0.009358995017911292,-7.0
0.19700000000000015,-0.015905640646890897,-0.16504240048239724,0.08755967080122276,0.011678656981748869,0.009407416827496642,-7.0
0.19800000000000015,-0.016071107755906398,-0.16589179986102948,0.08757137814817423,0.011736229364655635,0.00945583259207868,-7.0
0.19900000000000015,-0.016237424211213207,-0.1667410930403166,0.0875831436454804,0.01179495833504752,0.009504242303298046,-7.0
0.20000000000000015,-0.016404589906537374,-0.1675902798705295,0.0875949684516732,0.011854847794617382,0.009552645952620181,-7.0
0.20100000000000015,-0.01657260473545367,-0.16843936019885494,0.08760685372922467,0.011915901721862247,0.009601043531334731,-7.0
0.20200000000000015,-0.01674146859138252,-0.16928833386938485,0.08761880064462381,0.011978124172354547,0.009649435030554937,-7.0
0.20300000000000015,-0.01691118136758687,-0.1701372007231053,0.0876308103684539,0.012041519279018555,0.009697820441217002,-7.0
0.20400000000000015,-0.017081742957169115,-0.1709859605978854,0.08764288407546988,0.012106091252412052,0.009746199754079468,-7.0
0.20500000000000015,-0.017253153253067942,-0.17183461332846603,0.08765502294467625,0.012171844381013246,0.009794572959722563,-7.0
0.20600000000000016,-0.017425412148055215,-0.1726831587464482,0.087667228159405,0.012238783031512964,0.009842940048547548,-7.0
0.20700000000000016,-0.017598519534732824,-0.1735315966802813,0.0876795009073941,0.012306911649112132,0.009891301010776034,-7.0
0.20800000000000016,-0.017772475305529525,-0.17437992695525115,0.08769184238086605,0.012376234757824579,0.009939655836449316,-7.0
0.20900000000000016,-0.017947279352697777,-0.1752281493934677,0.08770425377660694,0.01244675696078516,0.009988004515427659,-7.0
0.21000000000000016,-0.018122931568310553,-0.17607626381385277,0.08771673629604568,0.012518482940563251,0.010036347037389608,-7.0
0.21100000000000016,-0.018299431844258147,-0.17692427003212727,0.08772929114533357,0.012591417459481622,0.010084683391831255,-7.0
0.21200000000000016,-0.018476780072244976,-0.17777216786079844,0.08774191953542426,0.012665565359940695,0.010133013568065511,-7.0
0.21300000000000016,-0.01865497614378634,-0.17861995710914677,0.087754622682154,0.012740931564748259,0.010181337555221366,-7.0
0.21400000000000016,-0.018834019950205214,-0.1794676375832127,0.08776740180632216,0.012817521077454607,0.010229655342243125,-7.0
0.21500000000000016,-0.01901391138262897,-0.18031520908578316,0.08778025813377217,0.012895338982693159,0.01027796691788964,-7.0
0.21600000000000016,-0.019194650331986158,-0.18116267141637776,0.08779319289547283,0.012974390446526577,0.010326272270733532,-7.0
0.21700000000000016,-0.019376236689003186,-0.18201002437123492,0.08780620732759979,0.013054680716798411,0.01037457138916039,-7.0
0.21800000000000017,-0.019558670344201067,-0.18285726774329766,0.08781930267161764,0.013136215123490284,0.010422864261367968,-7.0
0.21900000000000017,-0.0197419511878921,-0.18370440132219926,0.08783248017436214,0.01321899907908465,0.010471150875365359,-7.0
0.22000000000000017,-0.01992607911017655,-0.18455142489424858,0.08784574108812296,0.013303038078933162,0.01051943121897217,-7.0
0.22100000000000017,-0.02011105400093934,-0.18539833824241528,0.08785908667072669,0.01338833770163065,0.010567705279817671,-7.0
0.22200000000000017,-0.020296875749846663,-0.18624514114631466,0.08787251818562031,0.013474903609394764,0.010615973045339936,-7.0
0.22300000000000017,-0.020483544246342664,-0.18709183338219243,0.08788603690195497,0.013562741548451288,0.010664234502784968,-7.0
0.22400000000000017,-0.020671059379646032,-0.1879384147229092,0.08789964409467024,0.013651857349425162,0.010712489639205826,-7.0
0.22500000000000017,-0.02085942103874662,-0.18878488493792467,0.08791334104457865,0.01374225692773725,0.010760738441461706,-7.0
0.22600000000000017,-0.021048629112402035,-0.18963124379328164,0.08792712903845075,0.013833946284006847,0.010808980896217055,-7.0
0.22700000000000017,-0.021238683489134207,-0.19047749105158987,0.08794100936910045,0.013926931504460005,0.010857216989940624,-7.0
0.22800000000000017,-0.021429584057225958,-0.1913236264720095,0.08795498333547086,0.014021218761343664,0.010905446708904542,-7.0
0.22900000000000018,-0.021621330704717535,-0.1921696498102345,0.08796905224272054,0.01411681431334564,0.010953670039183367,-7.0
0.23000000000000018,-0.02181392331940314,-0.19301556081847557,0.08798321740231015,0.014213724506020481,0.011001886966653107,-7.0
0.23100000000000018,-0.022007361788827434,-0.19386135924544318,0.08799748013208945,0.014311955772221264,0.011050097476990262,-7.0
0.23200000000000018,-0.022201646000282037,-0.19470704483633,0.08801184175638498,0.014411514632537302,0.011098301555670811,-7.0
0.23300000000000018,-0.02239677584080199,-0.19555261733279336,0.08802630360608783,0.014512407695737839,0.011146499187969222,-7.0
0.23400000000000018,-0.022592751197162222,-0.1963980764729373,0.08804086701874221,0.014614641659221756,0.011194690358957426,-7.0
0.23500000000000018,-0.022789571955873975,-0.19724342199129452,0.0880555333386342,0.014718223309473304,0.011242875053503788,-7.0
0.23600000000000018,-0.022987238003181237,-0.19808865361880795,0.08807030391688109,0.01482315952252391,0.011291053256272054,-7.0
0.23700000000000018,-0.023185749225057128,-0.19893377108281216,0.08808518011152118,0.014929457264420095,0.011339224951720293,-7.0
0.23800000000000018,-0.0233851055072003,-0.19977877410701447,0.08810016328760403,0.015037123591697515,0.011387390124099825,-7.0
0.23900000000000018,-0.023585306735031283,-0.20062366241147594,0.08811525481728118,0.015146165651861183,0.01143554875745413,-7.0
0.24000000000000019,-0.023786352793688844,-0.20146843571259188,0.08813045607989735,0.015256590683871894,0.011483700835617738,-7.0
0.2410000000000002,-0.0239882435680263,-0.20231309372307232,0.08814576846208215,0.015368406018638892,0.011531846342215123,-7.0
0.2420000000000002,-0.024190978942607824,-0.20315763615192217,0.0881611933578423,0.015481619079518803,0.011579985260659564,-7.0
0.2430000000000002,-0.024394558801704738,-0.20400206270442106,0.08817673216865429,0.015596237382820894,0.011628117574152,-7.0
0.2440000000000002,-0.02459898302929177,-0.20484637308210302,0.08819238630355763,0.01571226853831867,0.011676243265679872,-7.0
0.2450000000000002,-0.0248042515090433,-0.20569056698273577,0.08820815717924854,0.015829720249767854,0.01172436231801594,-7.0
0.2460000000000002,-0.025010364124329592,-0.20653464410029995,0.0882240462201742,0.015948600315430807,0.011772474713717097,-7.0
0.2470000000000002,-0.025217320758212976,-0.20737860412496795,0.08824005485862751,0.016068916628607374,0.011820580435123173,-7.0
0.2480000000000002,-0.025425121293444052,-0.20822244674308243,0.08825618453484246,0.016190677178172255,0.0118686794643557,-7.0
0.2490000000000002,-0.02563376561245783,-0.20906617163713478,0.08827243669708991,0.01631389004911891,0.011916771783316684,-7.0
0.25000000000000017,-0.02584325359736988,-0.20990977848574308,0.08828881280177397,0.016438563423110026,0.011964857373687356,-7.0
0.25100000000000017,-0.02605358512997245,-0.21075326696363003,0.08830531431352902,0.016564705579034607,0.012012936216926912,-7.0
0.25200000000000017,-0.026264760091730545,-0.21159663674160037,0.08832194270531715,0.016692324893571715,0.012061008294271222,-7.0
0.25300000000000017,-0.02647677836377801,-0.21243988748651824,0.08833869945852628,0.016821429841760917,0.01210907358673154,-7.0
0.25400000000000017,-0.026689639826913577,-0.21328301886128415,0.08835558606306877,0.01695202899757945,0.012157132075093197,-7.0
0.25500000000000017,-0.02690334436159688,-0.2141260305248117,0.0883726040174807,0.017084131034526183,0.012205183739914267,-7.0
0.25600000000000017,-0.02711789184794447,-0.21496892213200405,0.08838975482902163,0.017217744726212392,0.012253228561524231,-7.0
0.2570000000000002,-0.02733328216572578,-0.21581169333373013,0.08840704001377503,0.01735287894695939,0.012301266520022617,-7.0
0.2580000000000002,-0.02754951519435909,-0.21665434377680048,0.08842446109674931,0.017489542672403074,0.012349297595277628,-7.0
0.2590000000000002,-0.02776659081290745,-0.21749687310394297,0.08844201961197945,0.017627744980105414,0.01239732176692475,-7.0
0.2600000000000002,-0.027984508900074586,-0.21833928095377803,0.08845971710262918,0.017767495050172947,0.012445339014365347,-7.0
0.2610000000000002,-0.028203269334200778,-0.2191815669607938,0.08847755512109386,0.017908802165882292,0.012493349316765247,-7.0
0.2620000000000002,-0.02842287199325872,-0.2200237307553209,0.08849553522910401,0.018051675714312758,0.01254135265305329,-7.0
0.2630000000000002,-0.02864331675484935,-0.22086577196350687,0.0885136589978294,0.018196125186986087,0.012589349001919893,-7.0
0.2640000000000002,-0.028864603496197648,-0.22170769020729048,0.08853192800798376,0.018342160180513364,0.012637338341815558,-7.0
0.2650000000000002,-0.029086732094148415,-0.2225494851043755,0.08855034384993031,0.018489790397249146,0.012685320650949404,-7.0
0.2660000000000002,-0.02930970242516203,-0.22339115626820447,0.08856890812378773,0.018639025645952864,0.012733295907287655,-7.0
0.2670000000000002,-0.02953351436531017,-0.2242327033079319,0.08858762243953695,0.018789875842457553,0.01278126408855212,-7.0
0.2680000000000002,-0.02975816779027152,-0.22507412582839745,0.08860648841712856,0.01894235101034593,0.012829225172218656,-7.0
0.2690000000000002,-0.029983662575327426,-0.22591542343009852,0.0886255076865909,0.019096461281633892,0.012877179135515615,-7.0
0.2700000000000002,-0.030209998595357553,-0.22675659570916276,0.0886446818881388,0.019252216897461497,0.012925125955422279,-7.0
0.2710000000000002,-0.030437175724835498,-0.22759764225732027,0.0886640126722831,0.01940962820879142,0.012973065608667256,-7.0
0.2720000000000002,-0.030665193837824376,-0.2284385626618753,0.08868350169994081,0.019568705677115012,0.013020998071726892,-7.0
0.2730000000000002,-0.03089405280797238,-0.22927935650567785,0.088703150642546,0.01972945987516595,0.013068923320823638,-7.0
0.2740000000000002,-0.03112375250850832,-0.23012002336709494,0.08872296118216137,0.019891901487641576,0.013116841331924412,-7.0
0.2750000000000002,-0.03135429281223711,-0.23096056281998142,0.08874293501159063,0.020056041311931932,0.013164752080738942,-7.0
0.2760000000000002,-0.03158567359153526,-0.23180097443365064,0.08876307383449152,0.020221890258856585,0.013212655542718086,-7.0
0.2770000000000002,-0.031817894718346305,-0.23264125777284467,0.0887833793654896,0.020389459353409276,0.013260551693052146,-7.0
0.2780000000000002,-0.032050956064176225,-0.23348141239770437,0.08880385333029289,0.02055875973551044,0.013308440506669149,-7.0
0.2790000000000002,-0.032284857500088825,-0.234321437863739,0.08882449746580705,0.02072980266076768,0.013356321958233122,-7.0
0.2800000000000002,-0.03251959889670109,-0.23516133372179543,0.08884531352025153,0.020902599501244207,0.01340419602214234,-7.0
0.2810000000000002,-0.03275518012417852,-0.23600109951802734,0.0888663032532764,0.021077161746235355,0.013452062672527559,-7.0
0.2820000000000002,-0.0329916010522304,-0.2368407347938638,0.08888746843607995,0.021253501003053173,0.013499921883250237,-7.0
0.2830000000000002,-0.033228861550105064,-0.23768023908597763,0.08890881085152715,0.021431628997819193,0.013547773627900725,-7.0
0.2840000000000002,-0.03346696148658513,-0.23851961192625343,0.0889303322942688,0.021611557576265414,0.013595617879796447,-7.0
0.2850000000000002,-0.033705900729982696,-0.23935885284175526,0.08895203457086161,0.021793298704543555,0.013643454611980051,-7.0
0.2860000000000002,-0.033945679148134504,-0.24019796135469407,0.08897391949988895,0.021976864470042653,0.013691283797217563,-7.0
0.2870000000000002,-0.03418629660839706,-0.24103693698239465,0.08899598891208256,0.02216226708221505,0.013739105407996496,-7.0
0.2880000000000002,-0.03442775297764174,-0.2418757792372623,0.08901824465044501,0.022349518873410846,0.013786919416523952,-7.0
0.2890000000000002,-0.034670048122249844,-0.24271448762674927,0.08904068857037303,0.022538632299720845,0.013834725794724709,-7.0
0.2900000000000002,-0.03491318190810765,-0.24355306165332063,0.08906332253978166,0.02272961994182811,0.013882524514239276,-7.0
0.2910000000000002,-0.035157154200601386,-0.24439150081442002,0.08908614843922927,0.022922494505868148,0.013930315546421941,-7.0
0.2920000000000002,-0.03540196486461219,-0.24522980460243493,0.08910916816204345,0.023117268824297762,0.013978098862338792,-7.0
0.2930000000000002,-0.03564761376451105,-0.24606797250466161,0.0891323836144478,0.02331395585677274,0.014025874432765713,-7.0
0.2940000000000002,-0.0358941007641537,-0.2469060040032697,0.08915579671568949,0.023512568691034325,0.014073642228186373,-7.0
0.2950000000000002,-0.03614142572687545,-0.2477438985752665,0.08917940939816792,0.02371312054380458,0.01412140221879019,-7.0
0.2960000000000002,-0.03638958851548602,-0.24858165569246074,0.08920322360756403,0.02391562476169075,0.014169154374470262,-7.0
0.2970000000000002,-0.036638588992264354,-0.24941927482142623,0.08922724130297069,0.02412009482209862,0.014216898664821296,-7.0
0.2980000000000002,-0.0368884270189533,-0.2502567554234649,0.08925146445702398,0.024326544334154987,0.014264635059137502,-7.0
0.2990000000000002,-0.03713910245675437,-0.2510940969545698,0.08927589505603532,0.024534987039639286,0.01431236352641048,-7.0
0.3000000000000002,-0.0373906151663224,-0.2519312988653871,0.08930053510012469,0.024745436813924444,0.014360084035327066,-7.0
0.3010000000000002,-0.037642965007760196,-0.2527683606011786,0.08932538660335457,0.02495790766692706,0.01440779655426718,-7.0
0.3020000000000002,-0.037896151840613096,-0.25360528160178303,0.08935045159386507,0.025172413744066924,0.014455501051301634,-7.0
0.3030000000000002,-0.03815017552386356,-0.2544420613015776,0.08937573211400986,0.025388969327235993,0.014503197494189924,-7.0
0.3040000000000002,-0.03840503591592567,-0.25527869912943874,0.08940123022049314,0.02560758883577689,0.014550885850378009,-7.0
0.3050000000000002,-0.038660732874639635,-0.2561151945087027,0.08942694798450758,0.025828286827470962,0.014598566086996053,-7.0
0.3060000000000002,-0.03891726625726619,-0.25695154685712557,0.0894528874918733,0.026051077999536033,0.014646238170856158,-7.0
0.3070000000000002,-0.039174635920481045,-0.25778775558684325,0.08947905084317775,0.026275977189633846,0.014693902068450065,-7.0
0.3080000000000002,-0.0394328417203692,-0.2586238201043306,0.0895054401539167,0.02650299937688735,0.014741557745946845,-7.0
0.3090000000000002,-0.039691883512419285,-0.2594597398103604,0.0895320575546362,0.026732159682907843,0.014789205169190543,-7.0
0.3100000000000002,-0.03995176115151784,-0.26029551409996204,0.08955890519107555,0.026963473372832093,0.014836844303697838,-7.0
0.3110000000000002,-0.040212474491943546,-0.2611311423623795,0.08958598522431145,0.027196955856369467,0.014884475114655632,-7.0
0.3120000000000002,-0.04047402338736141,-0.2619666239810292,0.08961329983090298,0.027432622688859203,0.014932097566918665,-7.0
0.3130000000000002,-0.040736407690816934,-0.26280195833345743,0.08964085120303786,0.027670489572337847,0.014979711625007074,-7.0
0.3140000000000002,-0.0409996272547302,-0.263637144791297,0.08966864154867961,0.027910572356616974,0.01502731725310393,-7.0
0.3150000000000002,-0.04126368193088996,-0.2644721827202241,0.08969667309171592,0.028152887040371253,0.015074914415052775,-7.0
0.3160000000000002,-0.04152857157044764,-0.265307071479914,0.08972494807210804,0.02839744977223695,0.0151225030743551,-7.0
0.3170000000000002,-0.041794296023911326,-0.26614181042399704,0.0897534687460413,0.028644276851920926,0.015170083194167832,-7.0
0.3180000000000002,-0.042060855141139684,-0.2669763989000137,0.08978223738607674,0.028893384731320252,0.01521765473730078,-7.0
0.31900000000000023,-0.04232824877133587,-0.2678108362493695,0.08981125628130386,0.02914479001565248,0.015265217666214064,-7.0
0.32000000000000023,-0.04259647676304135,-0.2686451218072894,0.08984052773749451,0.029398509464596694,0.015312771943015495,-7.0
0.32100000000000023,-0.0428655389641297,-0.2694792549027716,0.08987005407725794,0.029654559993445406,0.015360317529457981,-7.0
0.32200000000000023,-0.04313543522180039,-0.2703132348585412,0.08989983764019698,0.029912958674267368,0.01540785438693685,-7.0
0.32300000000000023,-0.04340616538257242,-0.2711470609910032,0.08992988078306538,0.030173722737081427,0.015455382476487183,-7.0
0.32400000000000023,-0.04367772929227805,-0.2719807326101952,0.08996018587992641,0.03043686957104147,0.015502901758781126,-7.0
0.32500000000000023,-0.04395012679605634,-0.2728142490197394,0.08999075532231254,0.030702416725632575,0.015550412194125146,-7.0
0.32600000000000023,-0.04422335773834677,-0.2736476095167945,0.09002159151938642,0.03097038191187845,0.015597913742457288,-7.0
0.32700000000000023,-0.04449742196288272,-0.2744808133920069,0.09005269689810297,0.031240783003560237,0.015645406363344393,-7.0
0.32800000000000024,-0.04477231931268494,-0.27531385992946145,0.09008407390337278,0.0315136380384468,0.015692890015979302,-7.0
0.32900000000000024,-0.04504804963005496,-0.27614674840663184,0.09011572499822675,0.03178896521953654,0.015740364659178014,-7.0
0.33000000000000024,-0.045324612756568454,-0.27697947809433043,0.09014765266398188,0.03206678291631091,0.015787830251376835,-7.0
0.33100000000000024,-0.04560200853306857,-0.2778120482566578,0.09017985940040846,0.03234710966599966,0.015835286750629493,-7.0
0.33200000000000024,-0.04588023679965916,-0.27864445815095135,0.09021234772589838,0.03262996417485788,0.015882734114604228,-7.0
0.33300000000000024,-0.04615929739569804,-0.27947670702773414,0.09024512017763485,0.03291536531945506,0.015930172300580848,-7.0
0.33400000000000024,-0.04643919015979009,-0.28030879413066256,0.09027817931176334,0.03320333214797612,0.015977601265447765,-7.0
0.33500000000000024,-0.04671991492978041,-0.28114071869647395,0.09031152770356388,0.0334938838815346,0.016025020965699015,-7.0
0.33600000000000024,-0.047001471542747336,-0.28197247995493346,0.0903451679476246,0.033787039915498085,0.016072431357431208,-7.0
0.33700000000000024,-0.04728385983499549,-0.2828040771287807,0.0903791026580167,0.03408281982082596,0.0161198323963405,-7.0
0.33800000000000024,-0.04756707964204866,-0.28363550943367555,0.09041333446847069,0.0343812433454196,0.016167224037719505,-7.0
0.33900000000000025,-0.047851130798642776,-0.28446677607814386,0.09044786603255403,0.034682330415485074,0.0162146062364542,-7.0
0.34000000000000025,-0.04813601313871867,-0.28529787626352215,0.0904827000238501,0.034986101136908525,0.016261978947020764,-7.0
0.34100000000000025,-0.0484217264954149,-0.2861288091839023,0.09051783913613859,0.035292575796644264,0.016309342123482434,-7.0
0.34200000000000025,-0.048708270701060485,-0.2869595740260755,0.09055328608357725,0.035601774864115726,0.016356695719486305,-7.0
0.34300000000000025,-0.04899564558716755,-0.2877901699694756,0.0905890436008851,0.035913718992629365,0.01640403968826011,-7.0
0.34400000000000025,-0.04928385098442394,-0.28862059618612185,0.09062511444352699,0.03622842902080164,0.016451373982608947,-7.0
0.34500000000000025,-0.04957288672268581,-0.2894508518405617,0.09066150138789962,0.03654592597399914,0.016498698554912018,-7.0
0.34600000000000025,-0.049862752630970085,-0.2902809360898122,0.09069820723151907,0.036866231065792,0.016546013357119298,-7.0
0.34700000000000025,-0.05015344853744693,-0.2911108480833016,0.09073523479320969,0.03718936569942073,0.016593318340748193,-7.0
0.34800000000000025,-0.05044497426943211,-0.2919405869628101,0.09077258691329451,0.03751535146927649,0.016640613456880178,-7.0
0.34900000000000025,-0.050737329653379334,-0.29277015186240984,0.09081026645378718,0.03784421016239503,0.01668789865615736,-7.0
0.35000000000000026,-0.051030514514872484,-0.29359954190840476,0.09084827629858529,0.038175963759964356,0.01673517388877907,-7.0
0.35100000000000026,-0.05132452867861785,-0.29442875621926967,0.09088661935366535,0.03851063443884621,0.01678243910449837,-7.0
0.35200000000000026,-0.05161937196843626,-0.2952577939055888,0.09092529854727922,0.03884824457311154,0.016829694252618564,-7.0
0.35300000000000026,-0.051915044207255144,-0.2960866540699938,0.09096431683015208,0.03918881673559002,0.016876939281989647,-7.0
0.35400000000000026,-0.05221154521710057,-0.29691533580710106,0.09100367717568195,0.039532373699433805,0.01692417414100476,-7.0
0.35500000000000026,-0.05250887481908918,-0.2977438382034487,0.09104338258014083,0.03987893843969555,0.016971398777596576,-7.0
0.35600000000000026,-0.0528070328334201,-0.29857216033743267,0.09108343606287739,0.04022853413492093,0.01701861313923366,-7.0
0.35700000000000026,-0.05310601907936675,-0.29940030127924255,0.09112384066652125,0.040581184168755655,0.017065817172916827,-7.0
0.35800000000000026,-0.053405833375268594,-0.30022826009079656,0.09116459945718891,0.04093691213156721,0.017113010825175405,-7.0
0.35900000000000026,-0.053706475538522876,-0.301056035825676,0.09120571552469128,0.0412957418220814,0.017160194042063533,-7.0
0.36000000000000026,-0.05400794538557621,-0.30188362752905945,0.09124719198274286,0.04165769724903382,0.01720736676915639,-7.0
0.36100000000000027,-0.05431024273191616,-0.30271103423765555,0.0912890319691726,0.042022802632836385,0.017254528951546368,-7.0
0.36200000000000027,-0.054613367392062746,-0.30353825497963605,0.09133123864613636,0.04239108240725905,0.017301680533839254,-7.0
0.36300000000000027,-0.05491731917955985,-0.30436528877456775,0.0913738152003312,0.04276256122112685,0.017348821460150363,-7.0
0.36400000000000027,-0.0552220979069666,-0.305192134633344,0.0914167648432112,0.043137263940032415,0.01739595167410061,-7.0
0.36500000000000027,-0.055527703385848635,-0.30601879155811534,0.0914600908112052,0.04351521564806402,0.017443071118812575,-7.0
0.36600000000000027,-0.05583413542676937,-0.3068452585422199,0.09150379636593602,0.04389644164954943,0.017490179736906534,-7.0
0.36700000000000027,-0.0561413938392811,-0.3076715345701127,0.09154788479444173,0.04428096747081548,0.017537277470496423,-7.0
0.36800000000000027,-0.056449478431916125,-0.3084976186172949,0.09159235940939844,0.04466881886196379,0.01758436426118581,-7.0
0.36900000000000027,-0.05675838901217772,-0.3093235096502417,0.09163722354934499,0.045060021798662475,0.017631440050063778,-7.0
0.3700000000000003,-0.05706812538653109,-0.31014920662633,0.09168248057890942,0.045454602483954214,0.01767850477770081,-7.0
0.3710000000000003,-0.05737868736039426,-0.3109747084937656,0.09172813388903728,0.04585258735008068,0.01772555838414464,-7.0
0.3720000000000003,-0.05769007473812883,-0.3118000141915091,0.09177418689722171,0.04625400306032353,0.01777260080891602,-7.0
0.3730000000000003,-0.058002287323030706,-0.3126251226492019,0.09182064304773542,0.04665887651086212,0.01781963199100451,-7.0
0.3740000000000003,-0.05831532491732074,-0.3134500327870907,0.09186750581186455,0.04706723483264798,0.017866651868864172,-7.0
0.3750000000000003,-0.05862918732213532,-0.31427474351595214,0.09191477868814435,0.04747910539329638,0.01791366038040927,-7.0
0.3760000000000003,-0.05894387433751682,-0.315099253737016,0.09196246520259682,0.04789451579899495,0.017960657463009913,-7.0
0.3770000000000003,-0.05925938576240406,-0.3159235623418884,0.09201056890897023,0.04831349389642962,0.018007643053487638,-7.0
0.3780000000000003,-0.05957572139462261,-0.31674766821247363,0.09205909338898059,0.048736067774727956,0.018054617088110996,-7.0
0.3790000000000003,-0.05989288103087506,-0.3175715702208959,0.09210804225255509,0.049162265767420166,0.018101579502591066,-7.0
0.3800000000000003,-0.06021086446673121,-0.31839526722941974,0.09215741913807744,0.049592116454417745,0.018148530232076927,-7.0
0.3810000000000003,-0.060529671496618156,-0.3192187580903705,0.09220722771263534,0.05002564866401009,0.01819546921115112,-7.0
0.3820000000000003,-0.060849301913810314,-0.32004204164605304,0.09225747167226976,0.05046289147487914,0.018242396373825024,-7.0
0.3830000000000003,-0.06116975551041936,-0.32086511672867085,0.09230815474222641,0.050903874218132236,0.01828931165353424,-7.0
0.3840000000000003,-0.061491032077384086,-0.32168798216024347,0.09235928067720917,0.05134862647935336,0.01833621498313388,-7.0
0.3850000000000003,-0.061813131404460195,-0.32251063675252384,0.0924108532616356,0.05179717810067288,0.01838310629489386,-7.0
0.3860000000000003,-0.062136053280209956,-0.3233330793069144,0.09246287630989457,0.05224955918285607,0.018429985520494123,-7.0
0.3870000000000003,-0.062459797491991834,-0.3241553086143828,0.09251535366660585,0.0527058000874104,0.018476852591019822,-7.0
0.3880000000000003,-0.06278436382595001,-0.3249773234553766,0.09256828920688202,0.05316593143871192,0.018523707436956468,-7.0
0.3890000000000003,-0.06310975206700382,-0.3257991225997375,0.09262168683659235,0.053629984126150845,0.018570549988185036,-7.0
0.3900000000000003,-0.06343596199883711,-0.3266207048066142,0.09267555049262889,0.05409798930629648,0.01861738017397701,-7.0
0.3910000000000003,-0.06376299340388747,-0.3274420688243754,0.0927298841431748,0.05456997840508173,0.018664197922989397,-7.0
0.3920000000000003,-0.06409084606333544,-0.32826321339052084,0.09278469178797473,0.055045983120007295,0.018711003163259687,-7.0
0.3930000000000003,-0.0644195197570936,-0.3290841372315927,0.09283997745860756,0.05552603542236577,0.018757795822200784,-7.0
0.3940000000000003,-0.06474901426379556,-0.3299048390630854,0.09289574521876129,0.056010167559485846,0.01880457582659587,-7.0
0.3950000000000003,-0.06507932936078484,-0.33072531758935486,0.0929519991645102,0.05649841205699671,0.01885134310259323,-7.0
0.3960000000000003,-0.0654104648241037,-0.33154557150352704,0.09300874342459434,0.05699080172111295,0.01889809757570104,-7.0
0.3970000000000003,-0.06574242042848191,-0.3323655994874054,0.09306598216070117,0.05748736964093998,0.01894483917078211,-7.0
0.3980000000000003,-0.06607519594732533,-0.33318540021137766,0.0931237195677497,0.05798814919080038,0.018991567812048527,-7.0
0.3990000000000003,-0.06640879115270445,-0.33400497233432175,0.09318195987417685,0.058493174032581134,0.01903828342305634,-7.0
0.4000000000000003,-0.06674320581534286,-0.33482431450351097,0.0932407073422262,0.05900247811810211,0.019084985926700125,-7.0
0.4010000000000003,-0.06707843970460556,-0.335643425354518,0.09329996626823908,0.059516095691505864,0.01913167524520753,-7.0
0.4020000000000003,-0.06741449258848724,-0.3364623035111184,0.09335974098294816,0.06003406129166902,0.019178351300133747,-7.0
0.4030000000000003,-0.06775136423360043,-0.33728094758519284,0.09342003585177336,0.060556409754635436,0.019225014012355993,-7.0
0.4040000000000003,-0.06808905440516355,-0.33809935617662895,0.09348085527512023,0.06108317621607127,0.01927166330206785,-7.0
0.4050000000000003,-0.06842756286698888,-0.3389175278732218,0.09354220368868087,0.061614396113742254,0.019318299088773645,-7.0
0.4060000000000003,-0.0687668893814704,-0.3397354612505738,0.09360408556373717,0.06215010519001329,0.019364921291282707,-7.0
0.4070000000000003,-0.06910703370957152,-0.34055315487199345,0.09366650540746681,0.0626903394943706,0.019411529827703628,-7.0
0.4080000000000003,-0.06944799561081284,-0.3413706072883933,0.09372946776325153,0.06323513538596666,0.01945812461543842,-7.0
0.4090000000000003,-0.06978977484325959,-0.3421878170381872,0.09379297721098813,0.06378452953618811,0.01950470557117667,-7.0
0.4100000000000003,-0.0701323711635091,-0.34300478264718604,0.093857038367402,0.06433855893124679,0.019551272610889604,-7.0
0.4110000000000003,-0.0704757843266782,-0.34382150262849326,0.09392165588636324,0.06489726087479422,0.019597825649824117,-7.0
0.4120000000000003,-0.07082001408639042,-0.3446379754823988,0.09398683445920542,0.06546067299055967,0.01964436460249673,-7.0
0.4130000000000003,-0.07116506019476312,-0.34545419969627233,0.09405257881504697,0.06602883322501203,0.019690889382687524,-7.0
0.4140000000000003,-0.07151092240239454,-0.34627017374445584,0.09411889372111532,0.06660177985004576,0.019737399903433983,-7.0
0.4150000000000003,-0.07185760045835068,-0.3470858960881546,0.09418578398307359,0.06717955146569105,0.019783896077024812,-7.0
0.4160000000000003,-0.07220509411015216,-0.3479013651753276,0.09425325444535017,0.0677621870028485,0.019830377814993673,-7.0
0.4170000000000003,-0.07255340310376085,-0.3487165794405768,0.0943213099914709,0.06834972572604851,0.01987684502811288,-7.0
0.4180000000000003,-0.07290252718356653,-0.34953153730503567,0.09438995554439415,0.06894220723623554,0.019923297626387032,-7.0
0.4190000000000003,-0.07325246609237333,-0.3503462371762561,0.09445919606684862,0.0695396714735776,0.0199697355190466,-7.0
0.4200000000000003,-0.07360321957138607,-0.3511606774480951,0.09452903656167394,0.07014215872030118,0.02001615861454142,-7.0
0.4210000000000003,-0.07395478736019656,-0.3519748565005997,0.0945994820721642,0.07074970960355162,0.020062566820534183,-7.0
0.4220000000000003,-0.07430716919676969,-0.3527887726998913,0.0946705376824143,0.07136236509827962,0.020108960043893804,-7.0
0.4230000000000003,-0.07466036481742946,-0.35360242439804884,0.09474220851766921,0.0719801665301536,0.020155338190688786,-7.0
0.4240000000000003,-0.07501437395684488,-0.3544158099329909,0.09481449974467614,0.07260315557849858,0.02020170116618048,-7.0
0.4250000000000003,-0.07536919634801574,-0.3552289276283565,0.09488741657203968,0.07323137427926163,0.02024804887481632,-7.0
0.4260000000000003,-0.0757248317222583,-0.35604177579338536,0.09496096425057995,0.07386486502800403,0.020294381220222965,-7.0
0.4270000000000003,-0.0760812798091908,-0.3568543527227965,0.09503514807369369,0.07450367058292072,0.0203406981051994,-7.0
0.4280000000000003,-0.07643854033671887,-0.357666656696666,0.09510997337771838,0.07514783406788694,0.020386999431709962,-7.0
0.4290000000000003,-0.07679661303102088,-0.35847868598030375,0.09518544554229956,0.07579739897553256,0.020433285100877316,-7.0
0.4300000000000003,-0.07715549761653304,-0.35929043882412887,0.095261569990761,0.07645240917034418,0.020479555012975346,-7.0
0.4310000000000003,-0.0775151938159345,-0.36010191346354403,0.09533835219047826,0.07711290889179545,0.02052580906742201,-7.0
0.43200000000000033,-0.07787570135013225,-0.3609131081188088,0.09541579765325511,0.0777789427575057,0.0205720471627721,-7.0
0.43300000000000033,-0.0782370199382459,-0.3617240209949115,0.0954939119357034,0.0784505557664272,0.02061826919670996,-7.0
0.43400000000000033,-0.07859914929759239,-0.3625346502814405,0.0955727006396259,0.07912779330206143,0.020664475066042107,-7.0
0.43500000000000033,-0.07896208914367045,-0.3633449941524534,0.09565216941240252,0.07981070113570442,0.020710664666689846,-7.0
0.43600000000000033,-0.07932583919014509,-0.3641550507663461,0.09573232394737972,0.08049932542972162,0.020756837893681726,-7.0
0.43700000000000033,-0.0796903991488318,-0.36496481826571964,0.09581316998426326,0.0811937127408525,0.02080299464114602,-7.0
0.43800000000000033,-0.08005576872968075,-0.3657742947772468,0.09589471330951417,0.0818939100235452,0.02084913480230307,-7.0
0.43900000000000033,-0.08042194764076073,-0.3665834784115367,0.09597695975674822,0.08259996463332134,0.020895258269457595,-7.0
0.44000000000000034,-0.08078893558824306,-0.3673923672629985,0.09605991520713864,0.08331192433017164,0.020941364933990916,-7.0
0.44100000000000034,-0.08115673227638533,-0.368200959409704,0.0961435855898223,0.0840298372819822,0.02098745468635313,-7.0
0.44200000000000034,-0.08152533740751494,-0.36900925291324854,0.09622797688230939,0.08475375206799211,0.02103352741605517,-7.0
0.44300000000000034,-0.08189475068201262,-0.36981724581861114,0.0963130951108964,0.08548371768228247,0.021079583011660834,-7.0
0.44400000000000034,-0.0822649717982957,-0.37062493615401293,0.09639894635108284,0.08621978353729709,0.021125621360778737,-7.0
0.44500000000000034,-0.0826360004528013,-0.37143232193077463,0.0964855367279913,0.08696199946739541,0.021171642350054153,-7.0
0.44600000000000034,-0.08300783633996933,-0.37223940114317244,0.09657287241679119,0.08771041573243771,0.02121764586516083,-7.0
0.44700000000000034,-0.08338047915222542,-0.37304617176829274,0.09666095964312602,0.08846508302140295,0.021263631790792686,-7.0
0.44800000000000034,-0.08375392857996361,-0.37385263176588557,0.09674980468354437,0.0892260524560397,0.021309600010655478,-7.0
0.44900000000000034,-0.08412818431152896,-0.3746587790782165,0.09683941386593449,0.08999337559455031,0.02135555040745834,-7.0
0.45000000000000034,-0.08450324603320003,-0.3754646116299174,0.09692979356996262,0.09076710443530872,0.021401482862905292,-7.0
0.45100000000000035,-0.08487911342917108,-0.37627012732783566,0.09702095022751499,0.09154729142061223,0.021447397257686632,-7.0
0.45200000000000035,-0.08525578618153429,-0.3770753240608821,0.09711289032314369,0.09233398944046751,0.021493293471470283,-7.0
0.45300000000000035,-0.0856332639702617,-0.37788019969987763,0.09720562039451623,0.09312725183641127,0.021539171382893026,-7.0
0.45400000000000035,-0.0860115464731871,-0.37868475209739805,0.09729914703286907,0.09392713240536575,0.02158503086955169,-7.0
0.45500000000000035,-0.08639063336598761,-0.3794889790876179,0.09739347688346488,0.09473368540352961,0.021630871807994223,-7.0
0.45600000000000035,-0.08677052432216531,-0.3802928784861529,0.09748861664605381,0.09554696555030433,0.021676694073710714,-7.0
0.45700000000000035,-0.08715121901302852,-0.38109644808990023,0.09758457307533865,0.0963670280322566,0.021722497541124312,-7.0
0.45800000000000035,-0.08753271710767306,-0.3818996856768783,0.09768135298144401,0.09719392850711699,0.021768282083582065,-7.0
0.45900000000000035,-0.08791501827296323,-0.38270258900606446,0.0977789632303895,0.0980277231078153,0.021814047573345676,-7.0
0.46000000000000035,-0.08829812217351274,-0.3835051558172312,0.09787741074456695,0.09886846844655285,0.02185979388158218,-7.0
0.46100000000000035,-0.08868202847166538,-0.38430738383078117,0.09797670250322173,0.0997162216189122,0.021905520878354526,-7.0
0.46200000000000035,-0.08906673682747561,-0.3851092707475803,0.09807684554293822,0.10057104020800456,0.021951228432612078,-7.0
0.46300000000000036,-0.0894522468986889,-0.3859108142487897,0.09817784695812941,0.1014329822886552,0.021996916412181013,-7.0
0.46400000000000036,-0.08983855834072198,-0.38671201199569594,0.09827971390153074,0.10230210643162752,0.022042584683754668,-7.0
0.46500000000000036,-0.09022567080664283,-0.38751286162953946,0.09838245358469816,0.10317847170788573,0.02208823311288375,-7.0
0.46600000000000036,-0.0906135839471506,-0.3883133607713418,0.09848607327851044,0.1040621376928969,0.022133861563966486,-7.0
0.46700000000000036,-0.09100229741055528,-0.38911350702173114,0.09859058031367593,0.10495316447097251,0.022179469900238676,-7.0
0.46800000000000036,-0.09139181084275719,-0.38991329796076585,0.0986959820812435,0.10585161263964998,0.022225057983763653,-7.0
0.46900000000000036,-0.09178212388722637,-0.39071273114775695,0.09880228603311803,0.10675754331411463,0.022270625675422148,-7.0
0.47000000000000036,-0.09217323618498172,-0.39151180412108866,0.09890949968258024,0.10767101813166235,0.022316172834902056,-7.0
0.47100000000000036,-0.09256514737456999,-0.39231051439803716,0.09901763060481111,0.10859209925620344,0.022361699320688117,-7.0
0.47200000000000036,-0.09295785709204457,-0.39310885947458785,0.09912668643742072,0.10952084938280798,0.02240720499005151,-7.0
0.47300000000000036,-0.09335136497094411,-0.39390683682525096,0.09923667488098169,0.11045733174229325,0.022452689699039307,-7.0
0.47400000000000037,-0.09374567064227096,-0.3947044439028753,0.09934760369956727,0.11140161010585342,0.02249815330246389,-7.0
0.47500000000000037,-0.09414077373446943,-0.39550167813846027,0.09945948072129406,0.11235374878973223,0.022543595653892235,-7.0
0.47600000000000037,-0.09453667387340378,-0.3962985369409663,0.09957231383886934,0.11331381265993862,0.02258901660563508,-7.0
0.47700000000000037,-0.09493337068233616,-0.39709501769712324,0.09968611101014334,0.11428186713700624,0.022634416008736027,-7.0
0.47800000000000037,-0.09533086378190427,-0.3978911177712374,0.099800880258666,0.11525797820079693,0.022679793712960535,-7.0
0.47900000000000037,-0.09572915279009878,-0.39868683450499626,0.09991662967424886,0.11624221239534872,0.022725149566784786,-7.0
0.48000000000000037,-0.09612823732224068,-0.3994821652172717,0.10003336741353161,0.11723463683376878,0.02277048341738449,-7.0
0.48100000000000037,-0.09652811699095837,-0.40027710720392146,0.10015110170055364,0.11823531920317182,0.022815795110623524,-7.0
0.4820000000000004,-0.09692879140616446,-0.40107165773758835,0.10026984082733051,0.11924432776966423,0.022861084491042537,-7.0
0.4830000000000004,-0.09733026017503256,-0.4018658140674981,0.1003895931544355,0.12026173138337465,0.022906351401847394,-7.0
0.4840000000000004,-0.09773252290197368,-0.40265957341925485,0.10051036711158615,0.12128759948353118,0.022951595684897526,-7.0
0.4850000000000004,-0.09813557918861254,-0.403452932994635,0.10063217119823588,0.12232200210358589,0.0229968171806942,-7.0
0.4860000000000004,-0.09853942863376366,-0.40424588997137917,0.10075501398417086,0.123365009876387,0.023042015728368614,-7.0
0.4870000000000004,-0.09894407083340719,-0.40503844150298185,0.10087890411011195,0.12441669403939924,0.023087191165669967,-7.0
0.4880000000000004,-0.09934950538066453,-0.4058305847184796,0.10100385028832201,0.1254771264399728,0.02313234332895334,-7.0
0.4890000000000004,-0.09975573186577384,-0.40662231672223687,0.10112986130321838,0.12654637954066156,0.023177472053167503,-7.0
0.4900000000000004,-0.1001627498760652,-0.4074136345937298,0.1012569460119908,0.12762452642459074,0.0232225771718426,-7.0
0.4910000000000004,-0.10057055899593563,-0.40820453538732837,0.10138511334522467,0.12871164080087488,0.023267658517077718,-7.0
0.4920000000000004,-0.10097915880682387,-0.4089950161320761,0.10151437230752978,0.12980779701008624,0.02331271591952834,-7.0
0.4930000000000004,-0.10138854888718496,-0.40978507383146784,0.10164473197817453,0.13091307002977456,0.023357749208393667,-7.0
0.4940000000000004,-0.10179872881246456,-0.4105747054632254,0.10177620151172566,0.13202753548003823,0.02340275821140385,-7.0
0.4950000000000004,-0.10220969815507307,-0.4113639079790713,0.10190879013869363,0.13315126962914778,0.023447742754807065,-7.0
0.4960000000000004,-0.10262145648435952,-0.4121526783045,0.10204250716618361,0.134284349399222,0.0234927026633565,-7.0
0.4970000000000004,-0.10303400336658523,-0.41294101333854727,0.10217736197855223,0.13542685237195737,0.023537637760297197,-7.0
0.4980000000000004,-0.10344733836489724,-0.4137289099535574,0.10231336403806998,0.13657885679441095,0.023582547867352772,-7.0
0.4990000000000004,-0.10386146103930145,-0.41451636499494776,0.10245052288558952,0.137740441584838,0.023627432804712023,-7.0
0.5000000000000003,-0.10427637094663564,-0.4153033752809719,0.10258884814121984,0.13891168633858406,0.023672292391015398,-7.0
0.5010000000000003,-0.10469206764054219,-0.4160899376024797,0.10272834950500627,0.14009267133403278,0.023717126443341344,-7.0
0.5020000000000003,-0.10510855067144048,-0.41687604872267564,0.10286903675761656,0.14128347753860923,0.023761934777192514,-7.0
0.5030000000000003,-0.10552581958649919,-0.4176617053768745,0.10301091976103292,0.14248418661484025,0.02380671720648185,-7.0
0.5040000000000003,-0.10594387392960827,-0.4184469042722552,0.10315400845925018,0.14369488092647154,0.023851473543518548,-7.0
0.5050000000000003,-0.10636271324135067,-0.4192316420876117,0.10329831287898011,0.14491564354464262,0.02389620359899387,-7.0
0.5060000000000003,-0.10678233705897386,-0.42001591547310213,0.10344384313036191,0.14614655825411998,0.02394090718196682,-7.0
0.5070000000000003,-0.107202744916361,-0.420799721049995,0.10359060940767896,0.14738770955958905,0.023985584099849716,-7.0
0.5080000000000003,-0.10762393634400201,-0.42158305541041347,0.10373862199008194,0.14863918269200566,0.02403023415839357,-7.0
0.5090000000000003,-0.10804591086896424,-0.4223659151170767,0.10388789124231829,0.14990106361500763,0.024074857161673374,-7.0
0.5100000000000003,-0.10846866801486293,-0.42314829670303933,0.10403842761546812,0.1511734390313869,0.024119452912073243,-7.0
0.5110000000000003,-0.10889220730183147,-0.42393019667142784,0.10419024164768666,0.15245639638962308,0.024164021210271388,-7.0
0.5120000000000003,-0.10931652824649125,-0.4247116114951749,0.10434334396495315,0.15375002389047873,0.02420856185522497,-7.0
0.5130000000000003,-0.10974163036192144,-0.42549253761675077,0.10449774528182655,0.15505441049365748,0.024253074644154795,-7.0
0.5140000000000003,-0.1101675131576283,-0.4262729714478926,0.10465345640220779,0.15636964592452504,0.02429755937252988,-7.0
0.5150000000000003,-0.11059417613951435,-0.4270529093693307,0.10481048822010879,0.15769582068089427,0.02434201583405185,-7.0
0.5160000000000003,-0.11102161880984723,-0.42783234773051243,0.10496885172042839,0.15903302603987463,0.02438644382063921,-7.0
0.5170000000000003,-0.11144984066722828,-0.4286112828493233,0.10512855797973504,0.1603813540647868,0.02443084312241143,-7.0
0.5180000000000003,-0.1118788412065608,-0.4293897110118057,0.10528961816705655,0.16174089761214314,0.024475213527672925,-7.0
0.5190000000000003,-0.11230861991901812,-0.43016762847187434,0.10545204354467676,0.16311175033869468,0.02451955482289684,-7.0
0.5200000000000004,-0.11273917629201129,-0.43094503145102986,0.10561584546893933,0.16449400670854528,0.024563866792708704,-7.0
0.5210000000000004,-0.11317050980915651,-0.43172191613806865,0.10578103539105871,0.16588776200033356,0.024608149219869913,-7.0
0.5220000000000004,-0.11360261995024235,-0.43249827868879065,0.10594762485793825,0.16729311231448366,0.024652401885261067,-7.0
0.5230000000000004,-0.11403550619119653,-0.433274115225704,0.10611562551299569,0.168710154580525,0.02469662456786513,-7.0
0.5240000000000004,-0.1144691680040525,-0.434049421837727,0.1062850490969959,0.17013898656448226,0.024740817044750438,-7.0
0.5250000000000004,-0.11490360485691574,-0.43482419457988686,0.10645590744889116,0.17157970687633597,0.024784979091053552,-7.0
0.5260000000000004,-0.11533881621392965,-0.4355984294730162,0.10662821250666882,0.17303241497755462,0.024829110479961922,-7.0
0.5270000000000004,-0.11577480153524125,-0.43637212250344587,0.10680197630820662,0.17449721118869893,0.024873210982696417,-7.0
0.5280000000000004,-0.11621156027696652,-0.43714526962269534,0.1069772109921356,0.1759741966970991,0.024917280368493635,-7.0
0.5290000000000004,-0.11664909189115544,-0.43791786674715977,0.10715392879871073,0.17746347356460573,0.02496131840458811,-7.0
0.5300000000000004,-0.11708739582575664,-0.43868990975779426,0.10733214207068936,0.17896514473541528,0.025005324856194274,-7.0
0.5310000000000004,-0.11752647152458189,-0.439461394499795,0.10751186325421751,0.18047931404397066,0.025049299486488315,-7.0
0.5320000000000004,-0.11796631842727012,-0.44023231678227714,0.10769310489972404,0.182006086222938,0.025093242056589797,-7.0
0.5330000000000004,-0.11840693596925124,-0.4410026723779499,0.10787587966282301,0.18354556691126017,0.025137152325543144,-7.0
0.5340000000000004,-0.11884832358170949,-0.441772457022788,0.1080602003052239,0.18509786266228778,0.025181030050298918,-7.0
0.5350000000000004,-0.11929048069154659,-0.44254166641570064,0.10824607969565014,0.1866630809519889,0.025224874985694937,-7.0
0.5360000000000004,-0.1197334067213445,-0.4433102962181964,0.10843353081076595,0.18824133018723782,0.025268686884437196,-7.0
0.5370000000000004,-0.12017710108932786,-0.4440783420540455,0.10862256673611133,0.18983271971418392,0.025312465497080595,-7.0
0.5380000000000004,-0.12062156320932604,-0.4448457995089386,0.10881320066704556,0.1914373598267015,0.025356210572009503,-7.0
0.5390000000000004,-0.12106679249073495,-0.4456126641301421,0.10900544590969924,0.19305536177492139,0.0253999218554181,-7.0
0.5400000000000004,-0.12151278833847837,-0.44637893142615037,0.10919931588193482,0.1946868377738451,0.025443599091290573,-7.0
0.5410000000000004,-0.12195955015296908,-0.44714459686633434,0.10939482411431578,0.19633190101204256,0.025487242021381057,-7.0
0.5420000000000004,-0.1224070773300695,-0.44790965588058684,0.10959198425108463,0.1979906656604341,0.02553085038519345,-7.0
0.5430000000000004,-0.12285536926105207,-0.44867410385896417,0.10979081005114966,0.19966324688115775,0.025574423919960957,-7.0
0.5440000000000004,-0.12330442533255921,-0.44943793615132455,0.10999131538908062,0.2013497608365227,0.0256179623606255,-7.0
0.5450000000000004,-0.12375424492656294,-0.45020114806696276,0.11019351425611344,0.20305032469804982,0.02566146543981688,-7.0
0.5460000000000004,-0.12420482742032414,-0.45096373487424135,0.11039742076116398,0.2047650566556,0.02570493288783176,-7.0
0.5470000000000004,-0.12465617218635144,-0.4517256918002181,0.11060304913185094,0.20649407592659158,0.02574836443261243,-7.0
0.5480000000000004,-0.12510827859235973,-0.4524870140302698,0.11081041371552812,0.2082375027653075,0.02579175979972538,-7.0
0.5490000000000004,-0.12556114600122825,-0.45324769670771253,0.11101952898032592,0.20999545847229317,0.025835118712339615,-7.0
0.5500000000000004,-0.12601477377095838,-0.45400773493341806,0.1112304095162024,0.21176806540384627,0.02587844089120483,-7.0
0.5510000000000004,-0.126469161254631,-0.4547671237654264,0.11144307003600375,0.21355544698159895,0.025921726054629304,-7.0
0.5520000000000004,-0.12692430780036343,-0.4555258582185547,0.11165752537653449,0.21535772770219402,0.025964973918457618,-7.0
0.5530000000000004,-0.12738021275126604,-0.4562839332640022,0.11187379049963739,0.21717503314705563,0.026008184196048126,-7.0
0.5540000000000004,-0.12783687544539843,-0.4570413438289513,0.11209188049328311,0.21900748999225564,0.026051356598250225,-7.0
0.5550000000000004,-0.1282942952157252,-0.4577980847961646,0.11231181057266987,0.2208552260184767,0.026094490833381383,-7.0
0.5560000000000004,-0.12875247139007132,-0.4585541510035781,0.11253359608133304,0.22271837012107307,0.02613758660720395,-7.0
0.5570000000000004,-0.12921140329107714,-0.4593095372438904,0.11275725249226493,0.22459705232023003,0.026180643622901754,-7.0
0.5580000000000004,-0.12967109023615292,-0.4600642382641475,0.11298279540904471,0.22649140377122334,0.026223661581056407,-7.0
0.5590000000000004,-0.13013153153743293,-0.4608182487653239,0.11321024056697872,0.22840155677477933,0.026266640179623463,-7.0
0.5600000000000004,-0.1305927265017292,-0.46157156340189937,0.11343960383425106,0.23032764478753695,0.026309579113908264,-7.0
0.5610000000000004,-0.13105467443048488,-0.4623241767814314,0.11367090121308483,0.23226980243261292,0.02635247807654159,-7.0
0.5620000000000004,-0.13151737461972698,-0.46307608346412366,0.11390414884091395,0.2342281655102708,0.02639533675745505,-7.0
0.5630000000000004,-0.13198082636001887,-0.4638272779623898,0.11413936299156564,0.23620287100869553,0.02643815484385622,-7.0
0.5640000000000004,-0.13244502893641225,-0.46457775474041346,0.11437656007645382,0.2381940571148739,0.026480932020203567,-7.0
0.5650000000000004,-0.13290998162839868,-0.46532750821370317,0.11461575664578334,0.24020186322558293,0.02652366796818108,-7.0
0.5660000000000004,-0.13337568370986075,-0.4660765327486435,0.11485696938976536,0.2422264299584864,0.02656636236667268,-7.0
0.5670000000000004,-0.13384213444902268,-0.4668248226620414,0.11510021513984382,0.24426789916334152,0.026609014891736362,-7.0
0.5680000000000004,-0.13430933310840049,-0.46757237222066783,0.11534551086993315,0.24632641393331622,0.026651625216578066,-7.0
0.5690000000000004,-0.13477727894475175,-0.46831917564079534,0.11559287369766744,0.2484021186164187,0.026694193011525334,-7.0
0.5700000000000004,-0.1352459712090249,-0.4690652270877306,0.11584232088566097,0.25049515882704027,0.026736717944000645,-7.0
0.5710000000000004,-0.135715409146308,-0.4698105206753421,0.11609386984278051,0.2526056814576126,0.026779199678494504,-7.0
0.5720000000000004,-0.13618559199577704,-0.47055505046558394,0.11634753812542914,0.2547338346903808,0.026821637876538285,-7.0
0.5730000000000004,-0.13665651899064382,-0.4712988104680137,0.11660334343884206,0.25687976800929346,0.026864032196676782,-7.0
0.5740000000000004,-0.13712818935810328,-0.47204179463930646,0.11686130363839427,0.25904363221201077,0.026906382294440468,-7.0
0.5750000000000004,-0.13760060231928042,-0.4727839968827634,0.11712143673092032,0.2612255794220323,0.026948687822317515,-7.0
0.5760000000000004,-0.13807375708917663,-0.4735254110478156,0.1173837608760463,0.2634257631009454,0.02699094842972549,-7.0
0.5770000000000004,-0.13854765287661555,-0.47426603092952285,0.11764829438753405,0.26564433806079557,0.027033163762982804,-7.0
0.5780000000000004,-0.13902228888418855,-0.4750058502680675,0.11791505573463791,0.2678814604765805,0.02707533346527985,-7.0
0.5790000000000004,-0.13949766430819951,-0.4757448627482431,0.11818406354347395,0.2701372878988683,0.02711745717664986,-7.0
0.5800000000000004,-0.1399737783386092,-0.476483061998938,0.11845533659840188,0.27241197926654215,0.027159534533939465,-7.0
0.5810000000000004,-0.14045063015897902,-0.4772204415926133,0.11872889384341981,0.2747056949196719,0.027201565170778957,-7.0
0.5820000000000004,-0.14092821894641455,-0.47795699504477646,0.11900475438357194,0.27701859661251477,0.02724354871755226,-7.0
0.5830000000000004,-0.14140654387150806,-0.4786927158134487,0.11928293748636927,0.2793508475266458,0.027285484801366576,-7.0
0.5840000000000004,-0.14188560409828094,-0.47942759729862733,0.11956346258322356,0.28170261228422,0.027327373046021758,-7.0
0.5850000000000004,-0.1423653987841253,-0.4801616328417428,0.1198463492708946,0.2840740569613672,0.02736921307197934,-7.0
0.5860000000000004,-0.14284592707974517,-0.48089481572511,0.12013161731295091,0.2864653491017213,0.02741100449633127,-7.0
0.5870000000000004,-0.14332718812909714,-0.4816271391713743,0.1204192866412441,0.28887665773008503,0.027452746932768335,-7.0
0.5880000000000004,-0.14380918106933036,-0.48235859634295153,0.12070937735739691,0.29130815336623234,0.02749443999154824,-7.0
0.5890000000000004,-0.14429190503072603,-0.4830891803414628,0.12100190973430514,0.29376000803884894,0.027536083279463382,-7.0
0.5900000000000004,-0.14477535913663636,-0.48381888420716324,0.12129690421765359,0.2962323952996134,0.027577676399808307,-7.0
0.5910000000000004,-0.14525954250342288,-0.4845477009183649,0.12159438142744615,0.2987254902374195,0.0276192189523468,-7.0
0.5920000000000004,-0.14574445424039423,-0.4852756233908541,0.1218943621595502,0.30123946949274194,0.027660710533278687,-7.0
0.5930000000000004,-0.1462300934497433,-0.4860026444773027,0.12219686738725544,0.3037745112721466,0.027702150735206255,-7.0
0.5940000000000004,-0.14671645922648388,-0.48672875696667306,0.12250191826284725,0.30633079536294733,0.027743539147100364,-7.0
0.5950000000000004,-0.14720355065838658,-0.4874539535836176,0.12280953611919487,0.30890850314800994,0.027784875354266204,-7.0
0.5960000000000004,-0.1476913668259143,-0.48817822698787167,0.12311974247135443,0.3115078176207062,0.027826158938308684,-7.0
0.5970000000000004,-0.14817990680215692,-0.48890156977364047,0.12343255901818694,0.3141289234000181,0.027867389477097507,-7.0
0.5980000000000004,-0.14866916965276553,-0.48962397446897976,0.12374800764399156,0.31677200674579536,0.027908566544731846,-7.0
0.5990000000000004,-0.14915915443588593,-0.49034543353517,0.12406611042015415,0.3194372555741667,0.027949689711504692,-7.0
0.6000000000000004,-0.14964986020209153,-0.49106593936608456,0.12438688960681134,0.3221248594731069,0.02799075854386682,-7.0
0.6010000000000004,-0.1501412859943157,-0.49178548428755087,0.12471036765453015,0.32483500971816165,0.0280317726043904,-7.0
0.6020000000000004,-0.1506334308477833,-0.4925040605567056,0.1250365672060036,0.32756789928833147,0.02807273145173222,-7.0
0.6030000000000004,-0.15112629378994172,-0.49322166036134285,0.12536551109776206,0.33032372288211626,0.028113634640596543,-7.0
0.6040000000000004,-0.1516198738403912,-0.493938275819256,0.12569722236190095,0.33310267693372264,0.028154481721697593,-7.0
0.6050000000000004,-0.15211417001081448,-0.49465389897757234,0.12603172422782455,0.3359049596294357,0.028195272241721626,-7.0
0.6060000000000004,-0.15260918130490586,-0.4953685218120816,0.12636904012400632,0.3387307709241564,0.02823600574328865,-7.0
0.6070000000000004,-0.15310490671829943,-0.49608213622655684,0.1267091936797659,0.3415803125581073,0.02827668176491374,-7.0
0.6080000000000004,-0.1536013452384968,-0.49679473405206886,0.12705220872706288,0.3444537880737075,0.028317299840967928,-7.0
0.6090000000000004,-0.154098495844794,-0.49750630704629345,0.12739810930230738,0.34735140283261917,0.028357859501638726,-7.0
0.6100000000000004,-0.15459635750820766,-0.4982168468928115,0.12774691964818802,0.35027336403296705,0.028398360272890256,-7.0
0.6110000000000004,-0.1550949291914008,-0.4989263452004018,0.128098664215517,0.3532198807267334,0.028438801676422903,-7.0
0.6120000000000004,-0.15559420984860742,-0.499634793502327,0.12845336766509277,0.3561911638373293,0.028479183229632637,-7.0
0.6130000000000004,-0.15609419842555675,-0.5003421832556116,0.12881105486958028,0.35918742617734545,0.028519504445569863,-7.0
0.6140000000000004,-0.15659489385939662,-0.5010485058403132,0.1291717509154091,0.36220888246648286,0.028559764832897856,-7.0
0.6150000000000004,-0.15709629507861617,-0.5017537525587857,0.12953548110468968,0.3652557493496665,0.02859996389585079,-7.0
0.6160000000000004,-0.15759840100296765,-0.5024579146349352,0.1299022709571475,0.3683282454153434,0.028640101134191305,-7.0
0.6170000000000004,-0.15810121054338774,-0.5031609832134679,0.130272146212076,0.37142659121396726,0.028680176043167672,-7.0
0.6180000000000004,-0.15860472260191788,-0.5038629493591311,0.1306451328303079,0.374551009276671,0.028720188113470473,-7.0
0.6190000000000004,-0.15910893607162396,-0.5045638040559454,0.13102125699620518,0.37770172413413033,0.028760136831188887,-7.0
0.6200000000000004,-0.15961384983651525,-0.5052635382064292,0.1314005451196682,0.3808789623356192,0.028800021677766467,-7.0
0.6210000000000004,-0.16011946277146238,-0.505962142630816,0.13178302383816395,0.3840829524682596,0.028839842129956512,-7.0
0.6220000000000004,-0.16062577374211484,-0.5066596080662624,0.13216872001877353,0.3873139251764681,0.02887959765977696,-7.0
0.6230000000000004,-0.1611327816048173,-0.5073559251660493,0.13255766076025927,0.39057211318160073,0.028919287734464814,-7.0
0.6240000000000004,-0.16164048520652555,-0.5080510844987732,0.13294987339515157,0.39385775130179806,0.028958911816430077,-7.0
0.6250000000000004,-0.16214888338472117,-0.5087450765475308,0.1333453854918558,0.3971710764720333,0.028998469363209253,-7.0
0.6260000000000004,-0.16265797496732584,-0.509437891709094,0.13374422485677903,0.40051232776436485,0.02903795982741836,-7.0
0.6270000000000004,-0.16316775877261447,-0.5101295202930773,0.13414641953647755,0.4038817464083959,0.02907738265670541,-7.0
0.6280000000000004,-0.16367823360912764,-0.5108199525210959,0.13455199781982458,0.4072795758119428,0.02911673729370247,-7.0
0.6290000000000004,-0.16418939827558324,-0.511509178525915,0.13496098824019892,0.41070606158191464,0.02915602317597716,-7.0
0.6300000000000004,-0.1647012515607871,-0.5121971883505915,0.13537341957769466,0.41416145154540623,0.029195239735983716,-7.0
0.6310000000000004,-0.1652137922435429,-0.512883971947605,0.13578932086135195,0.4176459957710065,0.029234386401013487,-7.0
0.6320000000000005,-0.16572701909256113,-0.5135695191779818,0.1362087213714092,0.42115994659032446,0.02927346259314496,-7.0
0.6330000000000005,-0.16624093086636724,-0.5142538198104081,0.13663165064157703,0.42470355861973574,0.02931246772919326,-7.0
0.6340000000000005,-0.1667555263132088,-0.5149368635203354,0.1370581384613339,0.42827708878235043,0.02935140122065912,-7.0
0.6350000000000005,-0.16727080417096188,-0.5156186398890756,0.13748821487824406,0.4318807963302061,0.029390262473677313,-7.0
0.6360000000000005,-0.16778676316703636,-0.5162991384028875,0.1379219102002975,0.43551494286668724,0.02942905088896459,-7.0
0.6370000000000005,-0.1683034020182805,-0.5169783484520536,0.1383592549982728,0.43917979236917387,0.029467765861767057,-7.0
0.6380000000000005,-0.16882071943088447,-0.5176562593299471,0.1388002801081224,0.4428756112119216,0.029506406781806986,-7.0
0.6390000000000005,-0.16933871410028292,-0.5183328602320898,0.139245016633381,0.4466026681891752,0.02954497303322912,-7.0
0.6400000000000005,-0.16985738471105674,-0.5190081402551998,0.13969349594759736,0.45036123453851845,0.02958346399454639,-7.0
0.6410000000000005,-0.17037672993683375,-0.5196820883962298,0.14014574969678925,0.45415158396446226,0.029621879038585097,-7.0
0.6420000000000005,-0.1708967484401884,-0.5203546935513946,0.14060180980192233,0.4579739926622737,0.029660217532429495,-7.0
0.6430000000000005,-0.17141743887254057,-0.5210259445151901,0.14106170846141292,0.4618287393420483,0.02969847883736584,-7.0
0.6440000000000005,-0.17193879987405342,-0.5216958299794004,0.14152547815365502,0.4657161052530281,0.029736662308825827,-7.0
0.6450000000000005,-0.17246083007353005,-0.5223643385320962,0.1419931516395716,0.46963637420816734,0.029774767296329482,-7.0
0.6460000000000005,-0.1729835280883094,-0.5230314586566215,0.14246476196519087,0.47358983260894927,0.029812793143427427,-7.0
0.6470000000000005,-0.17350689252416096,-0.5236971787305711,0.1429403424642471,0.47757676947045563,0.029850739187642552,-7.0
0.6480000000000005,-0.1740309219751785,-0.5243614870247566,0.1434199267608071,0.48159747644669165,0.029888604760411126,-7.0
0.6490000000000005,-0.17455561502367276,-0.5250243717021625,0.14390354877192169,0.48565224785616923,0.029926389187023266,-7.0
0.6500000000000005,-0.17508097024006314,-0.5256858208168909,0.1443912427103033,0.4897413807077503,0.02996409178656278,-7.0
0.6510000000000005,-0.17560698618276827,-0.5263458223130955,0.1448830430870292,0.4938651747267536,0.030001711871846443,-7.0
0.6520000000000005,-0.17613366139809544,-0.527004364023905,0.14537898471427124,0.49802393238132664,0.03003924874936259,-7.0
0.6530000000000005,-0.1766609944201292,-0.5276614336703355,0.14587910270805188,0.5022179589090862,0.030076701719209124,-7.0
0.6540000000000005,-0.17718898377061854,-0.5283170188601901,0.14638343249102712,0.506447562344029,0.03011407007503084,-7.0
0.6550000000000005,-0.17771762795886317,-0.5289711070869502,0.1468920097952965,0.5107130535437163,0.030151353103956162,-7.0
0.6560000000000005,-0.1782469254815987,-0.5296236857286523,0.14740487066524036,0.5150147462167338,0.03018855008653318,-7.0
0.6570000000000005,-0.17877687482288057,-0.5302747420467554,0.1479220514603846,0.5193529569504304,0.03022566029666506,-7.0
0.6580000000000005,-0.17930747445396691,-0.5309242631849959,0.14844358885829356,0.5237280052389375,0.030262683001544766,-7.0
0.6590000000000005,-0.17983872283320024,-0.5315722361682306,0.1489695198574909,0.5281402135114728,0.030299617461589143,-7.0
0.6600000000000005,-0.180370618405888,-0.5322186479012687,0.1494998817804089,0.5325899071609299,0.03033646293037232,-7.0
0.6610000000000005,-0.18090315960418193,-0.5328634851676911,0.15003471227636664,0.5370774145727572,0.030373218654558394,-7.0
0.6620000000000005,-0.18143634484695628,-0.5335067346286576,0.15057404932457705,0.5416030671541278,0.030409883873833483,-7.0
0.6630000000000005,-0.18197017253968467,-0.5341483828217025,0.1511179312371833,0.5461671993634046,0.030446457820837044,-7.0
0.6640000000000005,-0.182504641074316,-0.5347884161595176,0.15166639666232504,0.550770148739902,0.030482939721092502,-7.0
0.6650000000000005,-0.18303974882914892,-0.5354268209287222,0.15221948458723408,0.5554122559339472,0.030519328792937166,-7.0
0.6660000000000005,-0.1835754941687051,-0.5360635832886221,0.15277723434136078,0.5600938647372435,0.030555624247451462,-7.0
0.6670000000000005,-0.1841118754436014,-0.5366986892699543,0.15333968559953065,0.5648153221135398,0.0305918252883874,-7.0
0.6680000000000005,-0.1846488909904206,-0.53733212477362,0.15390687838513187,0.5695769782296062,0.030627931112096343,-7.0
0.6690000000000005,-0.18518653913158084,-0.5379638755694042,0.1544788530733339,0.5743791864865213,0.030663940907456038,-7.0
0.6700000000000005,-0.18572481817520406,-0.5385939272946827,0.15505565039433758,0.5792223035512724,0.030699853855796915,-7.0
0.6710000000000005,-0.18626372641498276,-0.5392222654531161,0.15563731143665702,0.5841066893886706,0.03073566913082762,-7.0
0.6720000000000005,-0.18680326213004572,-0.5398488754133299,0.1562238776504334,0.5890327072935859,0.030771385898559808,-7.0
0.6730000000000005,-0.18734342358482228,-0.5404737424075821,0.15681539085078147,0.5940007239235022,0.030807003317232177,-7.0
0.6740000000000005,-0.1878842090289053,-0.5410968515304165,0.15741189322116833,0.5990111093313971,0.030842520537233742,-7.0
0.6750000000000005,-0.1884256166969127,-0.5417181877373041,0.1580134273168257,0.6040642369989477,0.030877936701026332,-7.0
0.6760000000000005,-0.18896764480834785,-0.5423377358432683,0.15862003606819525,0.6091604838700664,0.03091325094306629,-7.0
0.6770000000000005,-0.18951029156745827,-0.5429554805214987,0.15923176278440782,0.6143002303847678,0.030948462389725425,-7.0
0.6780000000000005,-0.1900535551630932,-0.5435714063019497,0.1598486511567965,0.6194838605133712,0.030983570159211132,-7.0
0.6790000000000005,-0.19059743376855962,-0.5441854975699256,0.16047074526244426,0.6247117617910399,0.031018573361485762,-7.0
0.6800000000000005,-0.1911419255414769,-0.5447977385646514,0.1610980895677662,0.6299843253526607,0.031053471098185133,-7.0
0.6810000000000005,-0.19168702862363005,-0.5454081133778294,0.16173072893212675,0.6353019459680658,0.031088262462536275,-7.0
0.6820000000000005,-0.1922327411408213,-0.5460166059521813,0.16236870861149255,0.6406650220776005,0.031122946539274332,-7.0
0.6830000000000005,-0.1927790612027206,-0.5466232000799762,0.1630120742621207,0.6460739558280387,0.031157522404558647,-7.0
0.6840000000000005,-0.19332598690271424,-0.5472278794015443,0.16366087194428344,0.6515291531088487,0.031191989125888026,-7.0
0.6850000000000005,-0.1938735163177523,-0.5478306274037744,0.16431514812602907,0.6570310235888123,0.031226345762015145,-7.0
0.6860000000000005,-0.19442164750819438,-0.5484314274185988,0.16497494968697968,0.6625799807529997,0.031260591362860135,-7.0
0.6870000000000005,-0.19497037851765392,-0.5490302626214618,0.16564032392216615,0.6681764419401028,0.03129472496942332,-7.0
0.6880000000000005,-0.19551970737284088,-0.5496271160297733,0.16631131854590056,0.6738208283801291,0.03132874561369708,-7.0
0.6890000000000005,-0.196069632083403,-0.5502219705013482,0.16698798169568646,0.679513565232459,0.03136265231857685,-7.0
0.6900000000000005,-0.19662015064176536,-0.5508148087328296,0.16767036193616747,0.685255081624269,0.03139644409777129,-7.0
0.6910000000000005,-0.19717126102296842,-0.5514056132580971,0.16835850826311446,0.6910458106893231,0.03143011995571154,-7.0
0.6920000000000005,-0.1977229611845045,-0.5519943664466599,0.16905247010745167,0.6968861896071354,0.031463678887459615,-7.0
0.6930000000000005,-0.19827524906615254,-0.5525810505020337,0.16975229733932212,0.7027766596425046,0.03149711987861592,-7.0
0.6940000000000005,-0.19882812258981133,-0.5531656474601028,0.17045804027219294,0.7087176661854251,0.03153044190522586,-7.0
0.6950000000000005,-0.19938157965933107,-0.5537481391874659,0.1711697496670006,0.7147096587913759,0.031563643933685555,-7.0
0.6960000000000005,-0.19993561816034316,-0.5543285073797662,0.17188747673633675,0.7207530912219886,0.03159672492064668,-7.0
0.6970000000000005,-0.20049023596008853,-0.5549067335600057,0.1726112731486748,0.7268484214860985,0.03162968381292033,-7.0
0.6980000000000005,-0.201045430907244,-0.5554827990768434,0.17334119103263784,0.7329961118811799,0.03166251954738007,-7.0
0.6990000000000005,-0.20160120083174723,-0.5560566851028771,0.17407728298130823,0.7391966290351679,0.031695231050864,-7.0
0.7000000000000005,-0.20215754354461973,-0.5566283726329098,0.17481960205657898,0.7454504439486697,0.03172781724007586,-7.0
